id,album,name,artist,popularity,danceability,energy,loudness,speechiness,acousticness,instrumentalness,valence,tempo,duration_ms,time_signature,seventies,eighties,ninties,aughts,tens,decade
0alXPC11fIucBFD6qcCE94,The Essential Charley Pride,Kiss an Angel Good Mornin',Charley Pride,58,0.684,0.498,-10.836,0.03,0.708,0,0.905,131.855,2.052216667,4,1,0,0,0,0,70s
2SpEHTbUuebeLkgs9QB7Ue,Jolene,Jolene,Dolly Parton,75,0.674,0.537,-10.971,0.0363,0.566,0,0.809,110.578,2.692216667,4,1,0,0,0,0,70s
4J0DbyODwZJcmIAiTSJfMF,Back Home Again,Annie's Song,John Denver,74,0.304,0.305,-10.879,0.0298,0.871,0.00368,0.464,146.066,3.01155,3,1,0,0,0,0,70s
62qNdSlhFznQD0gHpCGrtw,Delta Dawn,Delta Dawn,Tanya Tucker,53,0.549,0.424,-12.892,0.0369,0.668,0,0.509,76.783,2.973333333,4,1,0,0,0,0,70s
0VwTeYNjcl30DyQlt3GPe0,Rhinestone Cowboy (Expanded Edition),Rhinestone Cowboy,Glen Campbell,69,0.644,0.633,-8.006,0.0261,0.102,6.82E-05,0.647,115.193,3.240883333,4,1,0,0,0,0,70s
0SjnBEHZVXgCKvOrpvzL2k,Sundown,Sundown,Gordon Lightfoot,72,0.794,0.427,-15.492,0.029,0.334,1.04E-05,0.751,105.732,3.556666667,4,1,0,0,0,0,70s
064SVQsmWl5EF0zahmzkQk,Bellamy Brothers,Let Your Love Flow,The Bellamy Brothers,71,0.679,0.553,-14.687,0.0316,0.0611,7.16E-06,0.946,109.071,3.312666667,4,1,0,0,0,0,70s
2Ln5JJOBoVDIoA8MJ2vG0C,Ultimate Collection: Barbara Mandrell,Sleeping Single In A Double Bed - Single Version,Barbara Mandrell,47,0.715,0.687,-9.408,0.0311,0.454,0,0.974,139.375,2.314216667,4,1,0,0,0,0,70s
5KqldkCunQ2rWxruMEtGh0,The Gambler,The Gambler,Kenny Rogers,77,0.671,0.501,-13.119,0.0594,0.342,0,0.86,87.04,3.581333333,4,1,0,0,0,0,70s
6gRACp2CvsIhc7hyw8CecQ,Million Mile Reflections,The Devil Went Down to Georgia,The Charlie Daniels Band,60,0.517,0.535,-12.027,0.0494,0.131,0,0.933,135.087,3.58445,4,1,0,0,0,0,70s
1YYhDizHx7PnDhAhko6cDS,"Poems, Prayers and Promises","Take Me Home, Country Roads - Original Version",John Denver,77,0.462,0.395,-9.376,0.0264,0.758,0,0.625,82.259,3.169333333,4,1,0,0,0,0,70s
5TWhLgjy8cgb6CRPnnlnn2,Whiskey Bent And Hell Bound,Whiskey Bent And Hell Bound,"Hank Williams, Jr.",66,0.726,0.711,-7.728,0.0414,0.213,1.41E-06,0.708,105.034,3.139783333,4,1,0,0,0,0,70s
5YwgJ6lpZ3SiAQwBEpjqey,Rose Garden,Rose Garden,Lynn Anderson,66,0.589,0.501,-11.665,0.031,0.168,0,0.969,131.064,2.931116667,4,1,0,0,0,0,70s
3mM14WXoPaLRjjkmxHe99L,Coal Miner's Daughter,Coal Miner's Daughter - Single Version,Loretta Lynn,64,0.604,0.354,-14.07,0.0313,0.836,0.00474,0.635,137.349,3.016,4,1,0,0,0,0,70s
4WScDSwAa9m48pgHugVkCo,Ol' Waylon,"Luckenbach, Texas (Back to the Basics of Love) (feat. Willie Nelson)","Waylon Jennings, Willie Nelson",66,0.694,0.46,-9.863,0.0322,0.697,0.00437,0.66,102.935,3.367116667,4,1,0,0,0,0,70s
3I1vEQhGwRK7URrTq4BqNl,Silver,(Ghost) Riders in the Sky,Johnny Cash,65,0.572,0.668,-9.382,0.0361,0.355,0.0379,0.56,109.511,3.746883333,4,1,0,0,0,0,70s
7nVQ8mo77KaUvhUQzh4vMy,Waylon & Willie,Mammas Don't Let Your Babies Grow up to Be Cowboys,"Waylon Jennings, Willie Nelson",72,0.363,0.361,-14.398,0.0499,0.623,0.00119,0.612,187.711,2.547783333,3,1,0,0,0,0,70s
1ne9wOtDF2jM6Cm8WBkaER,Rocky Mountain High,Rocky Mountain High,John Denver,70,0.455,0.437,-11.411,0.0278,0.314,0,0.724,81.396,4.727333333,4,1,0,0,0,0,70s
6nRvgo4ySezQKD1D7NIqAu,Jolene,I Will Always Love You,Dolly Parton,65,0.446,0.142,-13.498,0.0335,0.96,0.00114,0.156,135.724,2.934883333,4,1,0,0,0,0,70s
4YoKrIafwopFW5OfjaRwty,Charley Pride's 10th Album,Is Anybody Goin' to San Antone,Charley Pride,58,0.718,0.399,-11.592,0.034,0.724,0,0.856,116.477,2.231333333,4,1,0,0,0,0,70s
1cxjGdsHJn2vo17AbWLFzu,Ultimate Collection: Barbara Mandrell,(If Loving You Is Wrong) I Don't Want To Be Right,Barbara Mandrell,46,0.621,0.536,-10.935,0.0349,0.0341,1.01E-05,0.72,74.256,3.08355,4,1,0,0,0,0,70s
73ZTWCuwudUVvvWipRnQnQ,Family Tradition,Family Tradition,"Hank Williams, Jr.",70,0.66,0.523,-12.068,0.0608,0.0238,0,0.794,126.342,4.049333333,4,1,0,0,0,0,70s
2m25daTa9vh2G3kR4ZnSSS,King's Record Shop,Tennessee Flat Top Box,Rosanne Cash,47,0.609,0.633,-15.919,0.0308,0.157,4.21E-05,0.971,97.558,3.150116667,4,1,0,0,0,0,70s
0JkIre0YxNmKGMU5V7ZiDx,Kenny,Coward Of The County,Kenny Rogers,67,0.652,0.433,-12.843,0.0588,0.134,7.37E-06,0.675,91.471,4.312216667,4,1,0,0,0,0,70s
69HICMmc6nNLucAx3aJX9M,Back Home Again,Thank God I'm a Country Boy,John Denver,68,0.762,0.537,-9.58,0.0478,0.785,0.000669,0.958,105.603,3.218216667,4,1,0,0,0,0,70s
536L9C0N7vhYdibCJx3cI2,Summertime Dream,The Wreck of the Edmund Fitzgerald,Gordon Lightfoot,65,0.308,0.376,-15.24,0.0626,0.116,2.52E-06,0.158,186.047,6.488,3,1,0,0,0,0,70s
7Jpclr7tZ6aQXjoKzWXUJV,We Must Believe In Magic,Don't It Make My Brown Eyes Blue,Crystal Gayle,66,0.736,0.321,-13.474,0.0444,0.799,0.00897,0.342,84.928,2.62755,4,1,0,0,0,0,70s
2uRVPeQbsEpRQD0DKr1WTo,Red Headed Stranger,Blue Eyes Crying In the Rain,Willie Nelson,63,0.626,0.04,-19.994,0.0405,0.928,0.00178,0.418,117.136,2.31,4,1,0,0,0,0,70s
5pihM63Tj50g1XjLxq0iU8,A Decade Of Hits,Long Haired Country Boy,The Charlie Daniels Band,63,0.588,0.58,-11.648,0.0275,0.319,3.74E-06,0.774,145.37,4.001783333,4,1,0,0,0,0,70s
6H7nDglS6xWpRidbhMwI2L,Here You Come Again,Here You Come Again,Dolly Parton,68,0.585,0.511,-9.37,0.0391,0.647,0.007,0.552,105.898,2.991516667,4,1,0,0,0,0,70s
15ADURMdkO25JGD5mIcodM,Kenny Rogers,Lucille,Kenny Rogers,63,0.646,0.362,-11.954,0.0312,0.724,0,0.387,142.46,3.681116667,3,1,0,0,0,0,70s
02sENi9ULQ36x9mKo5B7XW,"Louisiana Woman, Mississippi Man","Louisiana Woman, Mississippi Man","Conway Twitty, Loretta Lynn",64,0.62,0.711,-6.943,0.035,0.477,0.000168,0.96,98.263,2.52885,4,1,0,0,0,0,70s
7wL9EVloIobMw22rT7Ve8x,Man In Black,Man in Black,Johnny Cash,61,0.676,0.58,-14.217,0.0506,0.589,0.000145,0.89,95.358,2.883116667,4,1,0,0,0,0,70s
1Ko3qmw2ItUEefsjDjpLWL,Rose Colored Glasses,Rose Colored Glasses,John Conlee,59,0.396,0.379,-14.236,0.043,0.382,0,0.368,114.447,3.34155,3,1,0,0,0,0,70s
0J6dezPhTa0ePaN87kphCs,Tanya Tucker / Super Hits,What's Your Mama's Name Child,Tanya Tucker,48,0.585,0.42,-8.817,0.0531,0.743,6.20E-06,0.512,80.136,3.04155,4,1,0,0,0,0,70s
1khA4hwhZD4HMecyE1e9U1,Silk Purse,Long Long Time,Linda Ronstadt,63,0.427,0.192,-14.611,0.0285,0.795,2.55E-06,0.272,91.088,4.39,4,1,0,0,0,0,70s
0aJHZYjwbfTmeyUWF7zGxI,The Essential Tammy Wynette,'Til I Can Make It on My Own,Tammy Wynette,46,0.45,0.294,-12.022,0.0318,0.832,3.53E-05,0.146,141.148,3.034666667,4,1,0,0,0,0,70s
1sueD22EyCamMjdQu9Kuo3,One Piece At A Time,One Piece at a Time,"Johnny Cash, Tennessee Three",60,0.721,0.539,-14.064,0.351,0.685,0,0.963,102.648,4.030216667,4,1,0,0,0,0,70s
1PTngmREtR0P0YMLdqVWBj,Night Things,Daydreams About Night Things,Ronnie Milsap,58,0.631,0.54,-8.983,0.0322,0.542,0,0.934,138.8,2.37955,4,1,0,0,0,0,70s
1sfXFEpGVK5s5i8eHEtNPj,In Search Of A Song,The Year That Clayton Delaney Died,Tom T. Hall,57,0.628,0.433,-10.876,0.029,0.686,4.93E-06,0.858,133.088,2.745333333,1,1,0,0,0,0,70s
73xcnqBwjnGwAlrfBomLP3,Number One Hits,Every Which Way but Loose - 2009 Remaster,Eddie Rabbitt,57,0.598,0.483,-7.474,0.0292,0.458,7.88E-06,0.452,130.663,2.860883333,4,1,0,0,0,0,70s
2ik5qJAcmrjbpON5QPxmRr,This Way Is My Way,Snowbird,Anne Murray,56,0.531,0.48,-10.633,0.0366,0.256,0.000136,0.881,104.117,2.237116667,4,1,0,0,0,0,70s
29TI0GvP5gMQMPTJjdMe0H,David Allan Coe - 16 Biggest Hits,You Never Even Called Me By My Name,David Allan Coe,55,0.604,0.459,-13.19,0.0321,0.153,0,0.505,105.908,5.237116667,4,1,0,0,0,0,70s
7mTBUlWPquXPQzDg8yGLlJ,Country Greats,Blanket On The Ground,Billie Jo Spears,54,0.465,0.519,-11.819,0.0239,0.394,0.00156,0.881,86.6,3.589333333,4,1,0,0,0,0,70s
1l2Xmg54EUr3TDzNIaCr1z,Coat Of Many Colors,Coat of Many Colors,Dolly Parton,62,0.624,0.257,-13.341,0.0444,0.93,7.56E-05,0.681,85.617,3.061116667,4,1,0,0,0,0,70s
6vmAgl2y9MpoZKrVUXrPe5,Hello Darlin',Hello Darlin',Conway Twitty,63,0.276,0.235,-14.352,0.0315,0.94,1.01E-05,0.472,170.55,2.48555,3,1,0,0,0,0,70s
3CqLvQ9fPOLtLIKb7r5ti6,Ultimate Waylon Jennings,Good Hearted Woman,"Waylon Jennings, Willie Nelson",54,0.41,0.568,-11.673,0.0346,0.387,0.102,0.644,103.026,2.978883333,4,1,0,0,0,0,70s
5fTwUw09NNgCIOkEKu3bGB,Country Classics: American Legends Tom T. Hall (Expanded Edition),I Love,Tom T. Hall,54,0.531,0.198,-17.377,0.0286,0.782,0.0383,0.582,91.929,2.111116667,4,1,0,0,0,0,70s
5q8UoqDHPe9bU4R5bbvcJF,"If You Love Me, Let Me Know","I Love You, I Honestly Love You",Olivia Newton-John,52,0.355,0.112,-15.309,0.0362,0.959,0.000104,0.153,134.893,3.672216667,4,1,0,0,0,0,70s
0NmCGVEXhfAu7XMI4JMyff,Just For The Record,Years,Barbara Mandrell,40,0.507,0.118,-21.345,0.0268,0.632,1.00E-05,0.216,82.412,3.863716667,4,1,0,0,0,0,70s
4LE5mk1mDDn0TX7669wVvg,Pure Love,Pure Love,Ronnie Milsap,54,0.532,0.744,-8.058,0.0346,0.442,2.18E-06,0.887,151.325,2.350666667,4,1,0,0,0,0,70s
7ueyVuff3whBxbmoanlg4C,Rocky Mountain Music,Two Dollars in the Jukebox - 2008 Remaster,Eddie Rabbitt,53,0.759,0.621,-12.539,0.0314,0.067,0.000291,0.921,134.319,2.37955,4,1,0,0,0,0,70s
1tZKsxgKebVQX9s6oiojG9,By The Time I Get To Phoenix (Remastered),By The Time I Get To Phoenix - Remastered 2001,Glen Campbell,53,0.218,0.336,-12.997,0.0301,0.0743,1.61E-06,0.232,176.66,2.736666667,4,1,0,0,0,0,70s
33LQxf2T3Jbgw3XQ1H3LMY,Stardust,Blue Skies,Willie Nelson,53,0.381,0.335,-12.797,0.0362,0.207,0.088,0.259,83.792,3.557333333,4,1,0,0,0,0,70s
3xPer22ZLDCRQtb6Z03ykt,Before The Next Teardrop Falls,Wasted Days And Wasted Nights,Freddy Fender,53,0.702,0.409,-8.84,0.0354,0.481,4.76E-06,0.885,88.516,2.8627,4,1,0,0,0,0,70s
4xxn8GDqs7RUwgZTNznXNp,Dueling Banjos From The Original Sound Track Of Deliverance And Additional Music,Dueling Banjos,"Eric Weissberg, Steve Mandell",52,0.417,0.484,-8.781,0.0791,0.409,0.959,0.501,149.79,3.248,4,1,0,0,0,0,70s
4JqusF4byBFBfcv43ZPyjc,When I Dream,Talking In Your Sleep,Crystal Gayle,51,0.443,0.216,-11.209,0.0345,0.834,0,0.181,67.387,2.908666667,4,1,0,0,0,0,70s
1UN6NjkwkztYxl6XzIp0pJ,"Hello, I'm Johnny Cash",If I Were a Carpenter,"Johnny Cash, June Carter Cash",51,0.477,0.366,-13.227,0.0434,0.542,0.00586,0.689,88.179,3.00955,4,1,0,0,0,0,70s
0yTzqq0G5th4IKPv3Qfick,The Essential Tammy Wynette,You and Me,Tammy Wynette,37,0.458,0.234,-14.843,0.0273,0.584,0.00029,0.197,77.317,3.34045,3,1,0,0,0,0,70s
4oW1lGOw5Q5OLvoJv92qoE,The Best Of Billy Swan,I Can Help,Billy Swan,51,0.471,0.675,-9.07,0.0513,0.511,0.019,0.53,125.313,3.972216667,4,1,0,0,0,0,70s
76V1Tevc5kEPc861obdgSI,Honky Tonk Girl: The Loretta Lynn Collection,You're The Reason Our Kids Are Ugly,"Loretta Lynn, Conway Twitty",51,0.752,0.54,-9.8,0.0716,0.805,0.0208,0.746,84.922,2.576,4,1,0,0,0,0,70s
5d4E1hgkLyb7sXr5J3InnM,Let's Keep It That Way,You Needed Me,Anne Murray,66,0.497,0.296,-10.756,0.0302,0.431,0,0.171,62.204,3.671116667,4,1,0,0,0,0,70s
4jE0JNXJ2H3UdhoYBeu8st,The Essential Dottie West,Country Sunshine,Dottie West,41,0.453,0.51,-8.94,0.0357,0.458,0,0.747,83.045,2.061116667,4,1,0,0,0,0,70s
5lXX4SAV6HBaVnZ6sUQPNE,George Jones - 16 Biggest Hits,The Grand Tour,George Jones,50,0.458,0.275,-11.498,0.0261,0.944,0.0194,0.449,88.718,3.122883333,4,1,0,0,0,0,70s
60ut42dYikYXfCZQcvVXYV,Winners,The Happiest Girl In The Whole U.S.A.,Donna Fargo,50,0.655,0.449,-11.468,0.0277,0.357,0,0.488,97.982,2.521783333,3,1,0,0,0,0,70s
2WQCzRvHubJxMIeCf2YhYG,I'm Jessi Colter,I'm Not Lisa,Jessi Colter,50,0.444,0.185,-12.159,0.0254,0.711,0.0384,0.154,79.168,3.385116667,4,1,0,0,0,0,70s
4EmqbVer5FDGxjpx4858nM,The Essential Dolly Parton,Love Is Like a Butterfly,Dolly Parton,37,0.686,0.187,-12.062,0.0391,0.721,0,0.772,89.616,2.336216667,4,1,0,0,0,0,70s
3OBmAls7qBqUb6A9kZimw3,The Essential Johnny Duncan,Stranger,"Johnny Duncan, Janie Fricke",50,0.57,0.555,-9.147,0.0273,0.121,0,0.901,117.646,3.163116667,4,1,0,0,0,0,70s
0aH37hHD9bgClsjGngV974,Number One Hits,Drinkin' My Baby (Off My Mind) - 2009 Remaster,Eddie Rabbitt,49,0.614,0.706,-7.397,0.0292,0.0764,0,0.867,127.952,2.43245,4,1,0,0,0,0,70s
7A3TAN0Epolvort9IcqKvq,Let's Keep It That Way,Tennessee Waltz,Anne Murray,49,0.229,0.418,-10.755,0.0296,0.0132,0.00616,0.188,78.24,2.821116667,3,1,0,0,0,0,70s
2XWmbwp9FBAaFcSE9BLQzc,The Best Of Sammi Smith,Help Me Make It Through The Night,Sammi Smith,50,0.559,0.35,-12.01,0.0245,0.605,0.000443,0.413,78.035,2.592216667,4,1,0,0,0,0,70s
4cIGNFaKpoVuJfVvixS0mU,The Essential Ray Price,For the Good Times,Ray Price,48,0.352,0.204,-15.414,0.0311,0.76,0.000426,0.524,83.342,3.79645,4,1,0,0,0,0,70s
2qXR5YWhvtYIoewHjvflss,Tanya Tucker's Greatest Hits,San Antonio Stroll,Tanya Tucker,50,0.658,0.353,-16.815,0.0569,0.541,0,0.874,115.843,2.84155,4,1,0,0,0,0,70s
27145diX1C7BE6m6FzONqb,The Happiest Girl In The Whole U.S.A.,Funny Face,Donna Fargo,41,0.541,0.249,-13.125,0.0339,0.813,5.59E-05,0.437,96.802,2.772666667,3,1,0,0,0,0,70s
2yjP9SAtGTy6xgMEJXVXsi,20 Greatest Hits,It Must Be Love - Single Version,Don Williams,48,0.92,0.399,-17.627,0.0608,0.129,8.66E-06,0.966,110.824,2.44555,4,1,0,0,0,0,70s
0E4HRDc8ReRr7Fy59eW2bX,Let Me Be There,Let Me Be There,Olivia Newton-John,48,0.589,0.487,-12.587,0.0328,0.251,2.90E-06,0.878,128.421,3.028883333,4,1,0,0,0,0,70s
1lfVeoMZZimh0jf8rYUeJU,The Essential Jerry Reed,Amos Moses,Jerry Reed,48,0.75,0.711,-10.633,0.0641,0.526,0.000653,0.961,105.636,2.329333333,4,1,0,0,0,0,70s
5kXmiepRVuKhhz0SxyCVeL,Charlie Rich - 16 Biggest Hits,The Most Beautiful Girl,Charlie Rich,48,0.566,0.409,-10.379,0.0265,0.702,3.36E-06,0.458,103.233,2.71445,4,1,0,0,0,0,70s
3MwNnB3W5pi8URHRKlksGt,Love In The Hot Afternoon,Love In The Hot Afternoon,Gene Watson,47,0.578,0.476,-8.268,0.0282,0.783,0,0.271,113.264,3.323333333,3,1,0,0,0,0,70s
0jtLwaA1Y2Da0xrNSJEgs0,Certified Hits,I'll Get Over You - Remastered,Crystal Gayle,43,0.575,0.333,-12.545,0.0386,0.628,0,0.486,110.018,3.523783333,4,1,0,0,0,0,70s
2PX54jMPTjvpgAod0oIuIP,25 Number Ones,You've Never Been This Far Before,Conway Twitty,47,0.469,0.235,-14.399,0.0336,0.694,0.153,0.52,138.522,3.032216667,4,1,0,0,0,0,70s
0x1voumEkvPYIm3xKHDXnZ,Out Of A Dream,Sweet Dreams,Reba McEntire,35,0.271,0.19,-12.494,0.032,0.81,0,0.211,112.805,3.057783333,3,1,0,0,0,0,70s
3awuorsQsio2PUOvzq3hpd,The Freddy Fender Collection,Before the Next Teardrop Falls,Freddy Fender,47,0.799,0.345,-11.52,0.0276,0.748,2.39E-05,0.776,90.417,2.614566667,4,1,0,0,0,0,70s
2cLb9n7u5iJTXNOrrJI1F1,The Definitive Collection,Out Of My Head And Back In My Bed,Loretta Lynn,36,0.625,0.69,-10.424,0.0322,0.284,0.0167,0.915,132.446,2.682,4,1,0,0,0,0,70s
5BTUfUNq9sa7OUbles1qvS,20 Greatest Hits,Tulsa Time,Don Williams,47,0.877,0.489,-15.244,0.0385,0.493,8.05E-06,0.929,103.886,3.213333333,4,1,0,0,0,0,70s
62buMnGJ9bLrZAV03fGjYc,Quarter Moon in a Ten Cent Town (Expanded & Remastered),Two More Bottles of Wine - 2003 Remaster,Emmylou Harris,46,0.764,0.736,-7.571,0.0333,0.251,0.000294,0.96,134.336,3.10555,4,1,0,0,0,0,70s
3jghFUSMqVsvbIqxW6VIdM,Ramblin' Fever,If We're Not Back In Love By Monday,Merle Haggard,46,0.696,0.193,-16.637,0.0299,0.813,1.34E-05,0.701,76.55,3.266666667,4,1,0,0,0,0,70s
6d0peKL7ZyWiRipp0bq8Ls,Good 'N' Country,Don't Let Me Cross Over,"Jim Reeves, Deborah Allen",46,0.525,0.234,-13.728,0.0276,0.862,1.76E-05,0.559,146.677,2.32445,3,1,0,0,0,0,70s
6yT7kcpsXNW7QS9xunPaox,Johnny Paycheck - 16 Biggest Hits,Take This Job and Shove It,Johnny Paycheck,46,0.763,0.364,-14.244,0.0559,0.556,2.02E-05,0.715,137.132,2.611116667,4,1,0,0,0,0,70s
7pRKbx3PYJmz36cp92hDIE,Best Of The Bellamy Brothers,If I Said You Had A Beautiful Body Would You Hold It Against Me,The Bellamy Brothers,46,0.741,0.508,-15.703,0.0294,0.0334,2.75E-06,0.872,116.572,3.200666667,4,1,0,0,0,0,70s
7fiM9fRN7nRb2z1j7ZOdjy,Every Time Two Fools Collide,Every Time Two Fools Collide,"Kenny Rogers, Dottie West",45,0.44,0.269,-17.804,0.0259,0.641,3.42E-06,0.478,75.817,3.015116667,4,1,0,0,0,0,70s
4u2Fcnbsf2KtH7gE86vxM0,When I Dream,Why Have You Left The One You Left Me For,Crystal Gayle,45,0.59,0.536,-8.108,0.11,0.604,1.95E-06,0.88,145.913,2.936666667,4,1,0,0,0,0,70s
6sykijVtS1m8vxLnkKXrJ5,The Essential Jerry Reed,"When You're Hot, You're Hot",Jerry Reed,45,0.788,0.832,-10.783,0.0981,0.354,0,0.91,101.045,2.326,4,1,0,0,0,0,70s
7tvnZH4Db2zylKHo7ojKH1,HAG: The Hits Volume 2,The Fightin' Side Of Me,Merle Haggard,45,0.754,0.497,-11.14,0.039,0.368,0,0.789,95.502,2.82245,4,1,0,0,0,0,70s
5paRS95sOPkOVQlmUIUF4B,Phases And Stages,Bloody Mary Morning,Willie Nelson,45,0.601,0.766,-13.262,0.0466,0.586,0.000903,0.856,130.14,2.81555,4,1,0,0,0,0,70s
64s3ywG24Rkgum7qIIA6wO,The Essential Tammy Wynette,'Til I Get It Right,Tammy Wynette,36,0.528,0.146,-13.271,0.0288,0.843,0.000356,0.336,133.894,2.632216667,4,1,0,0,0,0,70s
2sU0wR5zAs6tsen499fTcl,"If You Love Me, Let Me Know",If You Love Me (Let Me Know),Olivia Newton-John,44,0.595,0.495,-12.924,0.0346,0.587,0,0.819,128.817,3.271116667,4,1,0,0,0,0,70s
6aBiU9lFd3BhtggI7aeqBI,New Kind Of Feeling,I Just Fall In Love Again,Anne Murray,62,0.444,0.351,-9.01,0.0287,0.0461,1.94E-06,0.0853,132.527,2.860666667,4,1,0,0,0,0,70s
6v3ozeTaUGr5Wwmya1Xhg0,Anniversary (Ten Years Of Hits),Her Name Is...,George Jones,44,0.565,0.336,-16.387,0.0319,0.307,0,0.796,82.294,2.313333333,4,1,0,0,0,0,70s
2MQMTw0ErhEAecLfm2ClUk,The Kendalls - 42 Massive Hits,Heaven's Just A Sin Away,The Kendalls,44,0.558,0.627,-6.458,0.0339,0.742,0,0.865,154.189,2.420883333,4,1,0,0,0,0,70s
6BkK5Dsu1kTne7Cn6EyYex,Why Not Me,Why Not Me,The Judds,66,0.732,0.667,-9.278,0.0278,0.502,4.07E-06,0.727,125.6,3.521116667,4,0,1,0,0,0,80s
4w3tQBXhn5345eUXDGBWZG,9 To 5 And Odd Jobs,9 to 5,Dolly Parton,80,0.554,0.783,-5.852,0.0457,0.416,1.54E-06,0.813,105.39,2.707783333,4,0,1,0,0,0,80s
50PU05RTGva8laKDwxED9Y,I'm Countryfied,Louisiana Saturday Night,Mel McDaniel,72,0.686,0.622,-7.31,0.0857,0.532,0,0.982,163.245,2.403116667,4,0,1,0,0,0,80s
2uX5f3x2cObov0iDAPln4o,Livin' Lovin' Rockin' Rollin': The 25th Anniversary Collection,Song of the South,Alabama,71,0.486,0.633,-8.414,0.0365,0.176,0,0.669,162.158,3.18,4,0,1,0,0,0,80s
4rQSLX4qMiUWL81hEQOuPY,Top 10,"Forever and Ever, Amen",Randy Travis,60,0.701,0.68,-8.492,0.0264,0.303,1.51E-05,0.704,90.607,3.543116667,4,0,1,0,0,0,80s
0VU5k3vCrpqDgUygMjiFYj,Copperhead Road,Copperhead Road,Steve Earle,69,0.372,0.588,-15.493,0.0411,0.0213,0.000103,0.706,162.874,4.498666667,4,0,1,0,0,0,80s
5QxFcHmC8KjEyTqihiZokY,Ocean Front Property,All My Ex's Live In Texas,George Strait,65,0.764,0.336,-16.024,0.0302,0.241,9.29E-06,0.697,130.565,3.347333333,4,0,1,0,0,0,80s
4mnOVRRXsaqg9Nb041xR8u,Dolly,Islands in the Stream,"Dolly Parton, Kenny Rogers",74,0.592,0.473,-9.834,0.0354,0.681,0,0.741,203.989,4.156,4,0,1,0,0,0,80s
4BcrWCZPXuoGU0SnAsJW1s,George Jones - 16 Biggest Hits,He Stopped Loving Her Today,George Jones,54,0.333,0.232,-14.605,0.0366,0.785,0.000548,0.398,144.788,3.29,4,0,1,0,0,0,80s
5K1HsMKNWMrxADlqAUjpIp,L.A. to Miami,"Miami, My Amy",Keith Whitley,61,0.643,0.34,-15.305,0.0294,0.383,2.56E-06,0.466,108.489,3.45245,4,0,1,0,0,0,80s
5vXsj8L4DK1gGQ43BBG028,We've Got Tonight,We've Got Tonight,"Kenny Rogers, Sheena Easton",69,0.543,0.227,-11.247,0.0298,0.767,4.29E-05,0.292,123.548,3.909333333,4,0,1,0,0,0,80s
0zvNHIL7ci0ZzIoWU6RO2u,All Time Greatest Hits,I Love a Rainy Night,Eddie Rabbitt,66,0.685,0.718,-7.724,0.0521,0.122,0,0.958,131.463,3.18445,4,0,1,0,0,0,80s
56BG1hMSEkIN7IA2E4xNuN,Let It Roll,Baby's Got Her Blue Jeans On,Mel McDaniel,66,0.871,0.714,-6.413,0.0307,0.237,1.94E-06,0.962,106.797,2.994216667,4,0,1,0,0,0,80s
269tQZZrPkJrWTpgK915BW,The Essential Dolly Parton,I Will Always Love You,Dolly Parton,48,0.439,0.153,-12.319,0.0333,0.947,0.000202,0.18,135.256,2.899333333,4,0,1,0,0,0,80s
4TnUKixNWMfajncgdSwFoi,Strait From The Heart,Amarillo By Morning,George Strait,74,0.606,0.361,-16.031,0.0346,0.264,3.39E-05,0.621,121.059,2.891116667,4,0,1,0,0,0,80s
3xx0jE52PbtvwXgNaBUdch,Old 8 x 10,Deeper Than the Holler,Randy Travis,69,0.647,0.482,-8.591,0.0262,0.29,0,0.437,142.648,3.651333333,4,0,1,0,0,0,80s
2xYQTU2bbg6WVAmpY1eae4,Always On My Mind,Always On My Mind,Willie Nelson,66,0.524,0.261,-13.868,0.0272,0.755,0.00105,0.201,73.36,3.54445,4,0,1,0,0,0,80s
5Pj5zrq2nbKcAekH1AxbrO,Daytime Friends: The Very Best Of Kenny Rogers,Lady,Kenny Rogers,67,0.362,0.183,-16,0.0347,0.861,0.000234,0.2,136.646,3.86445,4,0,1,0,0,0,80s
11y8GSP2ASv8S9n0FiiDva,Juice,Angel Of The Morning,Juice Newton,64,0.452,0.313,-9.309,0.026,0.433,2.60E-05,0.344,75.806,4.174,4,0,1,0,0,0,80s
1KNNTdw7SzJ90p6RXq4kGE,I Will Stand By You - The Essential Collection,Grandpa (Tell Me 'Bout The Good Old Days),The Judds,56,0.566,0.488,-8.833,0.0324,0.454,6.80E-06,0.512,201.68,4.272216667,4,0,1,0,0,0,80s
2Sda1KzCD3MnlfP0Oq2Ysj,Get a Little Rowdy,Get a Little Rowdy,Travis Tritt,45,0.633,0.802,-4.024,0.0259,0.345,0,0.905,98.277,2.126833333,3,0,1,0,0,0,80s
0bM1z18RQpr61UuI1LemIK,The Closer You Get...,Dixieland Delight,Alabama,66,0.444,0.414,-15.04,0.0325,0.163,2.07E-05,0.573,95.73,5.368216667,4,0,1,0,0,0,80s
4wt2PBgqXZbvRiWSHDc4O4,Castles in the Sand,The Ride,David Allan Coe,65,0.668,0.429,-12.365,0.0464,0.241,0,0.531,83.504,3.168883333,4,0,1,0,0,0,80s
2h1Xj6D76ygKS3tu9DgIY5,Southern Comfort,Slow Hand,Conway Twitty,65,0.796,0.337,-18.041,0.0334,0.22,0,0.858,106.923,2.910666667,4,0,1,0,0,0,80s
5CwZU4BVFX0dyqG1gKfHHr,Does Fort Worth Ever Cross Your Mind,The Fireman,George Strait,64,0.664,0.601,-13.379,0.0616,0.137,3.09E-05,0.934,168.979,2.572666667,4,0,1,0,0,0,80s
5oheUEVCpJllnImTs5nNiS,White Limozeen,Why'd You Come in Here Lookin' Like That,Dolly Parton,56,0.615,0.759,-7.722,0.045,0.693,0,0.96,175.249,2.541783333,4,0,1,0,0,0,80s
4O7sDupv5V7qEBk96qOZyi,Simple Man,Simple Man,The Charlie Daniels Band,64,0.592,0.383,-13.076,0.0494,0.654,0,0.485,78.954,3.375116667,4,0,1,0,0,0,80s
2jQw7zMJO4fekTbP7iVA4v,"Barbara Mandrell Live (Live At The Roy Acuff Theater Nashville, TN, 1981)","I Was Country When Country Wasn't Cool - Live At The Roy Acuff Theater Nashville, TN, 1981","Barbara Mandrell, George Jones",51,0.607,0.389,-17.901,0.0405,0.375,0.000193,0.509,105.01,3.716666667,4,0,1,0,0,0,80s
15jhnquhNS1IZMlM493UBW,Hold On,Fishin' in the Dark,Nitty Gritty Dirt Band,63,0.745,0.347,-13.145,0.0418,0.246,0,0.899,155.539,3.36,4,0,1,0,0,0,80s
2hckAvL66faAcR0Fk64hj6,The Essential Merle Haggard: The Epic Years,Pancho and Lefty,"Merle Haggard, Willie Nelson",62,0.693,0.454,-12.44,0.0332,0.796,0.000154,0.54,122.641,4.793783333,4,0,1,0,0,0,80s
0LATteOxdYq4vXTNZ97r77,"Guitars, Cadillacs, Etc., Etc.","Guitars, Cadillacs",Dwight Yoakam,62,0.581,0.917,-3.519,0.0746,0.262,0.178,0.86,171.661,3.087333333,3,0,1,0,0,0,80s
0RbaD2rw0HmpfflXFH9DKu,Who's Gonna Fill Their Shoes,The One I Loved Back Then (The Corvette Song),George Jones,61,0.644,0.468,-11.824,0.0953,0.517,0,0.959,159.498,2.508666667,4,0,1,0,0,0,80s
5MkOctZG8LI9uHzpY7ncWj,Storms of Life,On the Other Hand,Randy Travis,61,0.657,0.415,-9.915,0.025,0.175,5.65E-06,0.347,96.03,3.105783333,4,0,1,0,0,0,80s
2mEAWmVDub6PSF8pZXInrS,Why Not Me,Mama He's Crazy,The Judds,53,0.728,0.398,-11.036,0.027,0.34,0,0.425,95.959,3.246,4,0,1,0,0,0,80s
4G9eIyEcVwLoG7kYNFpSII,Ocean Front Property,Ocean Front Property,George Strait,64,0.656,0.326,-15.756,0.0283,0.111,0,0.787,78.298,3.142216667,4,0,1,0,0,0,80s
6EGRx5TVuHAsmy3JKb8SRC,Untasted Honey,Eighteen Wheels And A Dozen Roses,Kathy Mattea,60,0.647,0.6,-13.625,0.0261,0.0684,0.000112,0.961,139.274,3.39,4,0,1,0,0,0,80s
7qYQBg8ljLvLfWPOajfo6u,Classics,Common Man,John Conlee,60,0.792,0.605,-8.008,0.0462,0.546,0,0.899,128.789,2.71845,4,0,1,0,0,0,80s
62ZRHYSOIT9WeZnz18kTHS,Guitar Town,Guitar Town,Steve Earle,60,0.661,0.496,-15.53,0.0357,0.229,0,0.948,165.549,2.587783333,4,0,1,0,0,0,80s
3EFgVWb1TAYP3CF17BB4fU,Juice Newton's Greatest Hits,The Sweetest Thing (I've Ever Known),Juice Newton,44,0.38,0.228,-14.373,0.0261,0.602,0,0.181,77.177,4.13555,4,0,1,0,0,0,80s
0mG66FLhO0iZ6XCAGdjpax,Fancy Free,Elvira,The Oak Ridge Boys,60,0.825,0.285,-17.491,0.0326,0.188,0.00131,0.86,126.946,3.76045,4,0,1,0,0,0,80s
7sNKhnl4MZnHdMzvmC4jG5,There's No Gettin' Over Me,I Wouldn't Have Missed It For The World,Ronnie Milsap,60,0.663,0.511,-10.843,0.0259,0.0637,1.09E-06,0.579,114.003,3.63045,4,0,1,0,0,0,80s
5pvNhGuCow3Eq1nWbP3Sco,Lookin' For Love,Lookin' for Love,Johnny Lee,60,0.74,0.394,-15.126,0.0331,0.586,0.000215,0.78,123.689,3.674,4,0,1,0,0,0,80s
2lCGAGpqgQIolNfpnycIZk,Greatest Hits,When You Say Nothing at All,Keith Whitley,59,0.673,0.346,-12.803,0.0245,0.721,4.48E-06,0.396,80.012,3.708216667,4,0,1,0,0,0,80s
5BYOLEoFD1fWokKncxz7BQ,George Strait's Greatest Hits,You Look So Good In Love,George Strait,59,0.642,0.233,-16.568,0.0298,0.435,0,0.333,114.495,3.223333333,3,0,1,0,0,0,80s
5B7f2auRhwkl5OjC2bQ58f,Buenas Noches From a Lonely Room,Streets of Bakersfield,Dwight Yoakam,59,0.74,0.703,-11.87,0.0576,0.0399,5.69E-06,0.816,106.878,2.80355,4,0,1,0,0,0,80s
0uEuAQ0c5yittMpxJ3l5iR,Rockin' With The Rhythm,Rockin' With The Rhythm Of The Rain,The Judds,56,0.771,0.475,-9.354,0.0301,0.141,0,0.774,143.169,2.688883333,4,0,1,0,0,0,80s
2bRnP6FjtlASGsDtcgRVuI,There's No Gettin' Over Me,(There's) No Gettin' Over Me,Ronnie Milsap,60,0.595,0.447,-10.342,0.0323,0.627,0.000586,0.787,200.528,3.328,4,0,1,0,0,0,80s
0u1mi4pYlXkx0rxgCbtyqv,Dolly Dolly Dolly,Old Flames Can't Hold a Candle to You,Dolly Parton,47,0.555,0.196,-13.381,0.0288,0.405,6.49E-06,0.272,137.092,3.383783333,3,0,1,0,0,0,80s
6uDbVmj2b9QIrWddvadvoM,Whoever's In New England,Whoever's In New England,Reba McEntire,51,0.591,0.174,-17.425,0.0317,0.545,4.54E-06,0.151,75.019,3.388216667,4,0,1,0,0,0,80s
7MYCBhcWtRSJ7YXTfIHlI8,The Essential Merle Haggard: The Epic Years,Big City,Merle Haggard,58,0.707,0.401,-14.222,0.0533,0.275,0.000296,0.602,136.188,2.988883333,4,0,1,0,0,0,80s
7ySh3j4kcq2mtxfjshPJSG,Lord I Hope This Day Is Good,"Lord, I Hope This Day Is Good - Single Version",Don Williams,58,0.526,0.388,-17.983,0.029,0.252,0.00137,0.702,173.82,4.165116667,4,0,1,0,0,0,80s
51EKPuV1uAWryjNMqZLtgJ,Friendship,Seven Spanish Angels (with Ray Charles),"Willie Nelson, Ray Charles",58,0.549,0.287,-13.135,0.0362,0.373,0,0.382,132.439,3.85045,4,0,1,0,0,0,80s
4H2TRR9FjnnIwxGnIt9stO,Ultimate Clint Black,Killin' Time,Clint Black,58,0.714,0.522,-9.773,0.0283,0.455,1.02E-05,0.69,121.312,2.8,4,0,1,0,0,0,80s
3PkASUKHoNOWzGmDkwnnG5,Love Me Like You Used To,Love Me Like You Used To,Tanya Tucker,50,0.58,0.155,-17.386,0.0278,0.729,0,0.479,89.339,3.826666667,4,0,1,0,0,0,80s
2s1gKDfyy4wTv5gzZleWUT,Super Hits,Two Dozen Roses,Shenandoah,58,0.695,0.502,-12.01,0.0279,0.327,0,0.543,117.083,3.726883333,4,0,1,0,0,0,80s
7BjmEKAVTnJNkRNaUzBy2K,Ultimate Alabama 20 # 1 Hits,Mountain Music,Alabama,58,0.467,0.526,-9.982,0.0433,0.119,0,0.753,109.555,3.64355,4,0,1,0,0,0,80s
6o7BCdJjGvHBBPMb4ZrA68,Country Club,Country Club,Travis Tritt,58,0.805,0.57,-8.215,0.0272,0.194,1.46E-05,0.76,126.478,3.18,4,0,1,0,0,0,80s
60Vbhlv3GUL8fNt3LLZ1nH,"Guitars, Cadillacs, Etc., Etc.",Honky Tonk Man,Dwight Yoakam,57,0.673,0.84,-5.115,0.0385,0.124,5.68E-05,0.749,144.165,2.790433333,4,0,1,0,0,0,80s
1KeWCjmGE74qeB3OSbB5Ax,Me And The Boys,Drinkin' My Baby Goodbye,The Charlie Daniels Band,56,0.536,0.907,-10.249,0.0559,0.364,5.22E-06,0.893,177.352,3.695116667,4,0,1,0,0,0,80s
5toaXJWnmQCnGRh8eOrEwE,Rockin' With The Rhythm,Have Mercy,The Judds,53,0.858,0.66,-7.953,0.029,0.231,0,0.933,123.299,3.39555,4,0,1,0,0,0,80s
6Rk2hVIgI9Fh6hvZT6n0ky,The Best Of Kenny Rogers: Through The Years,Through The Years,Kenny Rogers,56,0.557,0.475,-7.115,0.0268,0.241,0,0.243,130.782,4.368,4,0,1,0,0,0,80s
0qXUwQbZHFnhAGCgqwz2lR,Won't Be Blue Anymore,Meet Me In Montana,"Dan Seals, Marie Osmond",55,0.661,0.389,-12.292,0.0301,0.393,1.04E-06,0.515,124.147,3.943783333,4,0,1,0,0,0,80s
7tSZJ9iI3634Sqtd6Uvl49,The Essential Merle Haggard: The Epic Years,Are the Good Times Really Over (I Wish a Buck Was Still Silver),Merle Haggard,55,0.616,0.217,-15.439,0.0335,0.808,0.000109,0.141,130.613,4.22155,3,0,1,0,0,0,80s
0ImxI6CSbQsrYdhv9C8eUO,Special Delivery,A Lesson In Leavin',Dottie West,43,0.767,0.476,-8.881,0.322,0.27,0,0.964,75.069,3.012883333,4,0,1,0,0,0,80s
3MpK9vnxxgYvh0CNeGvx6G,Forrest Gump - The Soundtrack,On the Road Again,Willie Nelson,55,0.731,0.716,-7.962,0.0417,0.687,0.000882,0.777,111.281,2.46845,4,0,1,0,0,0,80s
6cmv1w0ezmtjT1V61PG3lk,Real Love,Real Love,"Dolly Parton, Kenny Rogers",51,0.437,0.476,-10.545,0.0334,0.183,0,0.846,200.469,3.894883333,4,0,1,0,0,0,80s
225W9qCk2o51QyFZiEVDW9,Ultimate Alabama 20 # 1 Hits,If You're Gonna Play in Texas (You Gotta Have a Fiddle in the Band),Alabama,55,0.522,0.651,-9.817,0.0465,0.115,0,0.818,111.01,3.387333333,4,0,1,0,0,0,80s
7xRind9RPsvGHWR0qbGmfE,The Dukes Of Hazzard,"Theme from ""The Dukes of Hazzard"" (Good Ol' Boys)",Waylon Jennings,55,0.589,0.848,-10.998,0.0383,0.108,0.127,0.913,147.564,2.109783333,4,0,1,0,0,0,80s
5jVGZTrDusSvwhRDPmZMSB,The Bocephus Box Set,A Country Boy Can Survive,"Hank Williams, Jr.",54,0.688,0.459,-9.353,0.0365,0.144,0,0.493,75.184,4.25,4,0,1,0,0,0,80s
5IHlCoNGoJ4LGEEiB8Gpbl,Crystal Gayle: The Hits,You Never Gave Up On Me,Crystal Gayle,45,0.652,0.326,-9.587,0.0449,0.858,0,0.174,77.192,3.16045,4,0,1,0,0,0,80s
1Eu8T7TxbcrlZ1oE8Eccxd,I Am What I Am (Expanded Edition),If Drinkin' Don't Kill Me (Her Memory Will),George Jones,54,0.607,0.32,-13.036,0.03,0.582,0,0.234,89.78,3.16555,3,0,1,0,0,0,80s
27876bQcDNkZhWqvF0zfFN,Trio (2016 Remaster),Wildflowers - 2015 Remaster,"Dolly Parton, Linda Ronstadt, Emmylou Harris",57,0.609,0.368,-13.338,0.0294,0.762,6.28E-06,0.618,90.373,3.60955,4,0,1,0,0,0,80s
5AgHGO8qE6Gf5HFaY1YHg9,Friday Night Blues,Friday Night Blues,John Conlee,54,0.811,0.497,-10.741,0.0406,0.699,0,0.603,107.636,3.30755,4,0,1,0,0,0,80s
0E7O4jaoBZv7CGC8oRk61T,Anne Murray The Best Of...So Far - 20 Greatest Hits,Just Another Woman In Love,Anne Murray,63,0.639,0.495,-9.446,0.0265,0.572,0,0.491,94.32,2.93,4,0,1,0,0,0,80s
6NaQDBNUP6LcsZklHizAki,Won't Be Blue Anymore,Everything That Glitters (Is Not Gold),Dan Seals,54,0.654,0.259,-16.728,0.0304,0.726,0,0.466,112.1,4.877116667,4,0,1,0,0,0,80s
1wtcyTExLF8nZu9ZphHIl1,Oak Ridge Boys Collection,American Made,The Oak Ridge Boys,54,0.696,0.527,-14.275,0.0329,0.108,0.000897,0.974,128.962,2.66445,4,0,1,0,0,0,80s
2cD3pqgT9Yn4GUcGflMYdk,Why Not Me,Love Is Alive,The Judds,52,0.698,0.381,-11.281,0.0291,0.233,8.51E-06,0.365,86.302,3.975116667,4,0,1,0,0,0,80s
2VPnnOGXmejtKqxGY4jg66,Milestones- Greatest Hits,Daddy's Hands,Holly Dunn,54,0.551,0.269,-9.782,0.028,0.54,0,0.476,76.511,3.491116667,4,0,1,0,0,0,80s
3eIc0XWlqNkT290DfwNyBJ,Greatest Hits,Don't Close Your Eyes,Keith Whitley,54,0.618,0.271,-13.695,0.026,0.723,0.000558,0.264,78.334,4.192666667,4,0,1,0,0,0,80s
50pAZTEtKGt2oAguhBrnF7,I'll Be Your Jukebox Tonight,I Wish That I Could Fall In Love Today,Barbara Mandrell,43,0.568,0.472,-11.23,0.0357,0.278,1.27E-05,0.793,135.343,2.88155,4,0,1,0,0,0,80s
5KW0yv8MLurjPifL8pajWn,"The Family's Fine, But This One's All Mine!",I'm Gonna Hire A Wino To Decorate Our Home,David Frizzell,54,0.616,0.462,-12.398,0.211,0.368,0,0.832,162.236,3.955116667,4,0,1,0,0,0,80s
6uvT4Di9ZRBw5cbexZJDts,Nashville Rebel,Highwayman,"Willie Nelson, Waylon Jennings, Kris Kristofferson, Johnny Cash",53,0.675,0.448,-13.175,0.0389,0.541,0.0135,0.441,101.344,3.04955,4,0,1,0,0,0,80s
29ZJSsfmcSJcShl44iXuP1,The Essential Merle Haggard: The Epic Years,That's the Way Love Goes,Merle Haggard,53,0.81,0.268,-16.733,0.0291,0.549,0.00886,0.625,99.686,3.023783333,4,0,1,0,0,0,80s
6BtBykwKhMjp4XDGc1ll1B,What Am I Gonna Do About You,One Promise Too Late,Reba McEntire,53,0.644,0.304,-15.664,0.0363,0.449,0,0.68,79.099,3.431116667,4,0,1,0,0,0,80s
0BM8wPzuihqUE561Poj2b7,Best Of Eddy Raven,I Got Mexico,Eddy Raven,53,0.82,0.529,-10.08,0.0385,0.366,0,0.853,112.114,2.441116667,4,0,1,0,0,0,80s
0NBKvnJAAG865ENj9bOhvD,The Essential Waylon Jennings,I Ain't Living Long Like This,Waylon Jennings,52,0.622,0.749,-10.201,0.0301,0.178,0.603,0.78,145.018,4.768666667,4,0,1,0,0,0,80s
02WLZdGJfTX1ZgshVkj2aB,Walk The Way The Wind Blows,Love At The Five & Dime,Kathy Mattea,43,0.632,0.377,-15.327,0.0334,0.68,0,0.694,75.429,3.638216667,4,0,1,0,0,0,80s
7hBrO5jpSGEbd9X6zxGxQI,Greatest Hits,All My Rowdy Friends (Have Settled Down),"Hank Williams, Jr.",52,0.711,0.542,-10.319,0.0287,0.23,5.20E-06,0.813,127.002,4.006216667,4,0,1,0,0,0,80s
4wDpjRQOvOHXE9AtNWpdVQ,Super Hits,Who's Gonna Fill Their Shoes,George Jones,52,0.441,0.262,-13.435,0.0301,0.672,0,0.317,138.327,3.252216667,4,0,1,0,0,0,80s
6h2uiSGYI1oLzYg0MvBs6v,The Very Best Of David Frizzell & Shelly West,You're The Reason God Made Oklahoma,"David Frizzell, Shelly West",52,0.463,0.345,-12.011,0.0307,0.536,0,0.358,97.7,3.40645,4,0,1,0,0,0,80s
4kGwf8ArBjC8AZRNbahDxk,Whoever's In New England,Little Rock,Reba McEntire,52,0.662,0.466,-14.705,0.0365,0.38,5.71E-06,0.831,140.137,3.117783333,4,0,1,0,0,0,80s
0gIhlWV243Z1K93QfCeJTM,Trio (2016 Remaster),To Know Him Is to Love Him - 2015 Remaster,"Dolly Parton, Linda Ronstadt, Emmylou Harris",53,0.323,0.196,-16.247,0.0327,0.767,0.000539,0.354,174.656,3.78355,3,0,1,0,0,0,80s
3lrlZLY4RL816J0ersG63f,West By West,Jose Cuervo,Shelly West,52,0.695,0.582,-9.399,0.0831,0.302,0,0.776,115.327,2.67555,4,0,1,0,0,0,80s
7A7gHOXvDJ12CRfiZ18Uro,20th Century Masters: The Millennium Collection: Best Of Conway Twitty,Tight Fittin' Jeans,Conway Twitty,52,0.707,0.546,-11.398,0.0429,0.191,7.37E-05,0.861,102.417,2.837783333,4,0,1,0,0,0,80s
31LOzuiEqzfMZ6f8nujDVd,Roll On,Roll On (Eighteen Wheeler),Alabama,51,0.583,0.456,-19.116,0.0578,0.115,0,0.639,131.815,4.377116667,4,0,1,0,0,0,80s
30upl1YT1suEgSDpIopSky,Inside,Any Day Now,Ronnie Milsap,51,0.696,0.532,-9.705,0.0237,0.148,0.00246,0.624,103.359,3.706666667,4,0,1,0,0,0,80s
5j2yIrnbgDW51GM95ZjqDj,The Best Of Michael Martin Murphey,What's Forever For?,Michael Martin Murphey,51,0.551,0.214,-16.631,0.0282,0.47,0,0.294,75.268,2.865116667,4,0,1,0,0,0,80s
4vRwErUg8XwxZnMsAp5ozS,I Love 'Em All,I Loved 'Em Every One,T.G. Sheppard,51,0.68,0.637,-14.561,0.0319,0.185,0.00968,0.7,87.131,3.688,4,0,1,0,0,0,80s
6stD0CS3QFs2yY3CoBfK8K,Top 10,Diggin' Up Bones,Randy Travis,51,0.703,0.575,-8.215,0.0261,0.361,0,0.869,85.672,2.98955,4,0,1,0,0,0,80s
4TJUS843fKiqqIzycM74Oy,Toby Keith,Should've Been A Cowboy,Toby Keith,78,0.618,0.672,-7.92,0.0353,0.441,1.49E-06,0.705,133.439,3.521783333,4,0,0,1,0,0,90s
4FUfoWMypAyWbOavmYyeNu,Come On Over,That Don't Impress Me Much,Shania Twain,64,0.757,0.757,-7.598,0.0389,0.235,0,0.967,124.956,3.647783333,4,0,0,1,0,0,90s
1ipcb9qXpSHWhSUvdxJhsx,Always & Forever,"Forever and Ever, Amen",Randy Travis,76,0.677,0.724,-8.992,0.0245,0.143,0.000101,0.697,90.392,3.544,4,0,0,1,0,0,90s
59kHPbwyyCApYA8RQQEuXm,A Lot About Livin' (And A Little 'Bout Love),Chattahoochee,Alan Jackson,75,0.606,0.706,-9.665,0.0379,0.362,0,0.819,174.533,2.469333333,4,0,0,1,0,0,90s
6Lmx6bz3PGYuNSjKMnYBOa,JoDee Messina,"Heads Carolina, Tails California",Jo Dee Messina,71,0.607,0.815,-6.619,0.039,0.0471,2.81E-05,0.57,136.949,3.496,4,0,0,1,0,0,90s
6iy4PoAuZBMvtrlDX4VxC7,Strait Out Of The Box,Check Yes Or No,George Strait,75,0.708,0.524,-12.644,0.0352,0.0551,3.21E-06,0.69,111.482,3.34445,4,0,0,1,0,0,90s
2ulBBx6YQ3qY3ci34RadtN,Trisha Yearwood,She's In Love With The Boy - Single Version,Trisha Yearwood,71,0.783,0.698,-8.268,0.0323,0.522,2.52E-06,0.758,124.996,4.136666667,4,0,0,1,0,0,90s
6leiB1fEsTnVCuPiielde5,A Place In The Sun,Something Like That,Tim McGraw,75,0.507,0.85,-5.679,0.0472,0.378,0,0.847,171.8,3.062216667,4,0,0,1,0,0,90s
5Pgwi0iizu96RHxJ4xL3SH,Did I Shave My Legs For This?,Strawberry Wine,Deana Carter,69,0.572,0.449,-6.566,0.0264,0.314,0,0.207,122.632,4.858883333,3,0,0,1,0,0,90s
2MiXC2LfpsoeUP5RvMGEQ3,For My Broken Heart,The Night The Lights Went Out In Georgia,Reba McEntire,67,0.428,0.51,-11.695,0.103,0.52,8.32E-06,0.393,169.967,4.287783333,4,0,0,1,0,0,90s
2M38X60UJnupGPbFTkVPNQ,Brand New Man,Neon Moon,Brooks & Dunn,63,0.735,0.488,-10.56,0.026,0.596,1.10E-06,0.452,102.383,4.353783333,4,0,0,1,0,0,90s
7rDcULv8vV16vetBjPJhuE,How Do You Like Me Now?!,How Do You Like Me Now?!,Toby Keith,75,0.648,0.667,-8.986,0.0311,0.0534,6.94E-06,0.669,109.609,3.48445,4,0,0,1,0,0,90s
0pdfN7nOHMYmKykzu1cyfm,The Woman In Me,Any Man Of Mine,Shania Twain,74,0.592,0.725,-8.698,0.0412,0.207,0,0.784,78.235,4.112666667,4,0,0,1,0,0,90s
0NLBwQBYJhEM9t3KAMPFVR,John Michael Montgomery,Sold (The Grundy County Auction Incident),John Michael Montgomery,72,0.771,0.848,-7.365,0.035,0.108,0,0.803,115.642,2.53645,4,0,0,1,0,0,90s
3IvcWWehbBcBR4YZxlGM9R,All I Want,"I Like It, I Love It",Tim McGraw,72,0.643,0.961,-5.298,0.0315,0.0196,0,0.96,124.027,3.42845,4,0,0,1,0,0,90s
7puxIVNdj5nsBJk43zM3bH,Carrying Your Love With Me,Carrying Your Love With Me,George Strait,73,0.629,0.479,-10.608,0.0271,0.22,0,0.345,138.231,3.873783333,4,0,0,1,0,0,90s
0FtV0YbnnjD7PXpLHFHPhn,Rumor Has It,Fancy,Reba McEntire,68,0.674,0.517,-11.225,0.0726,0.226,0,0.482,94.98,4.99555,4,0,0,1,0,0,90s
0Xg68XXMRWzKQvD5S6BFvI,Out With A Bang,Dust On The Bottle,David Lee Murphy,72,0.736,0.614,-11.124,0.0389,0.0237,5.84E-06,0.858,99.942,3.74445,4,0,0,1,0,0,90s
3rXCZRMiMZp0feGcYXpwYX,Fly,Cowboy Take Me Away,The Chicks,73,0.467,0.622,-7.255,0.031,0.365,0.00527,0.455,164.418,4.787783333,4,0,0,1,0,0,90s
6qc34bnVOyqGDPni8H5W0U,Lonely Grill,Amazed,Lonestar,72,0.561,0.543,-8.498,0.0324,0.26,0,0.243,139.803,4.01445,4,0,0,1,0,0,90s
2EoIt9vdgFRNW03u5IvFsQ,Some Gave All,Achy Breaky Heart,Billy Ray Cyrus,70,0.8,0.563,-10.209,0.0303,0.051,0,0.961,121.808,3.38955,4,0,0,1,0,0,90s
6HveTIMynTMzTc5L0TcS20,Now That I've Found You: A Collection,When You Say Nothing At All,Alison Krauss & Union Station,65,0.514,0.243,-12.348,0.0288,0.752,0.00054,0.388,171.816,4.346666667,4,0,0,1,0,0,90s
5FxgRnXBHMM0q4stwqrjjM,I'm Alright,Bye-Bye,Jo Dee Messina,64,0.644,0.868,-3.98,0.0464,0.183,0,0.642,134.38,3.349333333,4,0,0,1,0,0,90s
1TanmIWbaUj5NVwJ3k4XPd,Always Never The Same,Write This Down,George Strait,72,0.729,0.688,-7.468,0.0264,0.127,9.44E-06,0.671,123.867,3.66,4,0,0,1,0,0,90s
6wVQwC2P8K4e3poaJ6ieRh,Come On Over (Diamond Edition / Super Deluxe),"Honey, I'm Home",Shania Twain,62,0.648,0.727,-5.165,0.0706,0.184,0,0.842,80.366,3.581066667,4,0,0,1,0,0,90s
3wjD3Ufjll7UKrEDPdGuX3,Put Yourself In My Place,Maybe It Was Memphis,Pam Tillis,61,0.495,0.695,-6.929,0.0318,0.437,0.00048,0.496,73.656,3.986216667,4,0,0,1,0,0,90s
2op0kDNARK2VHWHntEeH4g,Everywhere,Just To See You Smile,Tim McGraw,70,0.492,0.823,-8.526,0.0297,0.127,0,0.702,94.342,3.586216667,4,0,0,1,0,0,90s
08c3wmdjKSjxTJY9cHSts7,Thinkin' About You,XXX's And OOO's (An American Girl),Trisha Yearwood,65,0.711,0.642,-8.909,0.0319,0.176,0,0.762,125.831,2.79845,4,0,0,1,0,0,90s
2h5a6t9JFasqH5WJFPbmGL,I Still Believe In You,One More Last Chance,Vince Gill,61,0.525,0.878,-8.677,0.0404,0.411,0,0.963,176.249,3.186666667,4,0,0,1,0,0,90s
6cjwec9ii5uLK7CDfPBYt1,Wide Open Spaces,Wide Open Spaces,The Chicks,70,0.563,0.544,-6.102,0.0306,0.577,0,0.602,179.351,3.730533333,4,0,0,1,0,0,90s
40nvOEkPCUDsoQdruyndb2,Toby Keith,Wish I Didn't Know Now,Toby Keith,70,0.796,0.714,-8.602,0.0366,0.371,5.63E-05,0.841,116.97,3.447333333,4,0,0,1,0,0,90s
2IY559smG7SXYk229NA2Vl,Everything I Love,Little Bitty,Alan Jackson,70,0.571,0.818,-6.539,0.0415,0.151,0,0.728,163.045,2.643783333,4,0,0,1,0,0,90s
3Q9t1A12iUemHTAWnH7PjD,No Ordinary Man,Watermelon Crawl,Tracy Byrd,69,0.759,0.723,-9.315,0.028,0.173,0,0.962,136.746,3.032883333,4,0,0,1,0,0,90s
7lUE02KHkZM44BZgjCaWRO,Diamond Rio,Meet In the Middle,Diamond Rio,69,0.746,0.443,-11.305,0.0359,0.663,0,0.554,91.11,3.30555,4,0,0,1,0,0,90s
1wb4P4F0sxAQ2KXrRvsx6n,Come On Over,You're Still The One,Shania Twain,73,0.585,0.494,-8.751,0.0353,0.363,0,0.634,133.822,3.536666667,4,0,0,1,0,0,90s
0nDjzA4kns1QOWPXuOn6Xw,Everywhere,Where The Green Grass Grows,Tim McGraw,70,0.479,0.698,-7.914,0.0277,0.198,0,0.673,159.699,3.36,4,0,0,1,0,0,90s
0qrst0xZAZ0NtMtuUcEq0f,Take Me as I Am,Wild One,Faith Hill,62,0.694,0.654,-9.148,0.0322,0.185,0,0.689,135.787,2.750216667,4,0,0,1,0,0,90s
2TIEeLrOQrGnO2D2OeDDJu,Time Marches On,Time Marches On,Tracy Lawrence,69,0.856,0.517,-9.232,0.0293,0.563,0.000164,0.479,118.399,3.089333333,4,0,0,1,0,0,90s
3QV7NYkrmV0Q0IHdFJw9hO,Everywhere We Go,She Thinks My Tractor's Sexy,Kenny Chesney,68,0.689,0.886,-7.066,0.0382,0.0664,0,0.906,122.07,4.13445,4,0,0,1,0,0,90s
6sxptembJVty4sNtcPMAVz,Come On Over,Man! I Feel Like A Woman!,Shania Twain,75,0.657,0.639,-7.527,0.0412,0.581,0,0.674,124.882,3.908216667,4,0,0,1,0,0,90s
267pym8JqsQQdIs7dadMJR,Toby Keith,A Little Less Talk And A Lot More Action,Toby Keith,69,0.758,0.825,-7.506,0.0397,0.262,4.21E-06,0.926,124.906,2.84245,4,0,0,1,0,0,90s
59MIR30ATtW8kTaX3SCpq0,Blue Clear Sky,Blue Clear Sky,George Strait,67,0.638,0.819,-6.646,0.0291,0.202,4.10E-05,0.706,124.062,2.91445,4,0,0,1,0,0,90s
2oyS4THTUzUxT2lnHGzzIr,Haunted Heart,She Don't Know She's Beautiful,Sammy Kershaw,67,0.764,0.646,-9.424,0.0302,0.367,0,0.877,116.141,2.91045,4,0,0,1,0,0,90s
2A7j0RLnzvvlUFrevBiOQf,Dreamin' Out Loud,Every Light In The House,Trace Adkins,67,0.637,0.472,-7.295,0.0271,0.539,0,0.349,129.236,2.993333333,4,0,0,1,0,0,90s
1fYypIR0kaFzaSRbzvtjl9,Not A Moment Too Soon,Indian Outlaw,Tim McGraw,66,0.664,0.739,-7.229,0.0415,0.0364,4.99E-05,0.759,110.101,3.035333333,4,0,0,1,0,0,90s
60w5eL1G4Or7LlTSrR5r8a,Third Rock From The Sun,Pickup Man,Joe Diffie,65,0.713,0.692,-8.554,0.0365,0.432,0,0.884,140.561,3.603333333,4,0,0,1,0,0,90s
2g0BAZVaLlK8GeTVzF6hQ6,I'm Alright,Lesson In Leavin',Jo Dee Messina,60,0.612,0.804,-7.275,0.0543,0.273,0,0.841,80.771,3.67,4,0,0,1,0,0,90s
3y4LxiYMgDl4RethdzpmNe,Breathe,Breathe,Faith Hill,69,0.529,0.496,-9.007,0.029,0.173,0,0.278,136.859,4.175783333,4,0,0,1,0,0,90s
4YS5ECd4qRZSA8NHqHiWD4,Boomtown,You Ain't Much Fun,Toby Keith,68,0.771,0.675,-7.9,0.0457,0.229,0,0.757,138.322,2.45045,4,0,0,1,0,0,90s
7njoWVpJbAiTkyT6rKwbze,If I Could Make a Living,If I Could Make a Living,Clay Walker,65,0.593,0.775,-7.016,0.0345,0.168,0,0.896,155.989,2.230883333,4,0,0,1,0,0,90s
0wFQnci5YCcwbKAWNBzqiA,"Reba McEntire's Greatest Hits, Volume Two",Does He Love You,"Reba McEntire, Linda Davis",57,0.449,0.434,-10.657,0.0282,0.37,0,0.259,144.664,4.34,4,0,0,1,0,0,90s
6BTCpaBTxlqGMOl0P6hvvX,It's All About to Change,Here's a Quarter (Call Someone Who Cares),Travis Tritt,65,0.648,0.572,-7.494,0.026,0.304,0,0.598,112.423,2.538883333,3,0,0,1,0,0,90s
6FevJcaJvt5EvsHnuJHBnb,This Time,Fast as You,Dwight Yoakam,64,0.628,0.801,-7.926,0.0282,0.000479,0.0897,0.843,125.954,4.753333333,4,0,0,1,0,0,90s
1nVoLxz8C0uGgMKfywy0vf,The Way That I Am,Independence Day,Martina McBride,64,0.712,0.63,-6.202,0.0299,0.257,6.65E-05,0.768,118.378,3.41045,4,0,0,1,0,0,90s
3Vfj2JGXayXgc0c9J4gJ8m,Tell Me Why,Tell Me Why,Wynonna,53,0.621,0.802,-6.717,0.0315,0.00746,0.00279,0.81,141.612,3.844,4,0,0,1,0,0,90s
3PHLZ5wmtyZha1pp2405OT,When Love Finds You,Whenever You Come Around,Vince Gill,55,0.719,0.22,-11.811,0.0294,0.736,9.40E-06,0.168,115.375,4.319333333,4,0,0,1,0,0,90s
5EYWGM3Ns3iYew8ws0FatB,Faith,This Kiss,Faith Hill,71,0.398,0.804,-5.559,0.0451,0.175,0,0.709,186.752,3.23845,4,0,0,1,0,0,90s
51uGoXB3PbXLyeH0aPGo7H,Hard Workin' Man,Hard Workin' Man,Brooks & Dunn,64,0.692,0.769,-9.363,0.0369,0.333,1.22E-06,0.727,151.503,2.974883333,4,0,0,1,0,0,90s
5SpoN8sCoc05RfVde4raGN,Seminole Wind,Straight Tequila Night,John Anderson,64,0.64,0.639,-10.11,0.0331,0.134,0,0.593,109.263,2.897783333,4,0,0,1,0,0,90s
4TxIFLRMUxNh4n9h4RLsaE,If You See Him,"If You See Him, If You See Her","Reba McEntire, Brooks & Dunn",55,0.371,0.452,-7.739,0.0275,0.272,0,0.186,164.424,3.932216667,4,0,0,1,0,0,90s
7riuy1t0Kt3SRgMtFxX0FR,A Thousand Memories,That Ain't My Truck,Rhett Akins,64,0.64,0.788,-9.012,0.035,0.232,0,0.774,128.961,4.051783333,4,0,0,1,0,0,90s
2lKA9bNdd4kAoeHiufa0aK,The Woman In Me,You Win My Love,Shania Twain,56,0.707,0.802,-8.943,0.0352,0.0165,0,0.947,127.732,4.426666667,4,0,0,1,0,0,90s
7yQMZQeiSKnvEgimeGPVhi,Blue Clear Sky,I Can Still Make Cheyenne,George Strait,63,0.585,0.39,-10.233,0.0266,0.68,0.000769,0.237,109.514,4.267783333,4,0,0,1,0,0,90s
0MjT9xQqJrQlNrkWKZgFbQ,I'm Alright,I'm Alright,Jo Dee Messina,63,0.676,0.733,-7.745,0.0294,0.191,0,0.591,98.234,3.317333333,3,0,0,1,0,0,90s
7uLQTOxQ3nwwoHuxwt2AHJ,Past The Point Of Rescue,Small Town Saturday Night,Hal Ketchum,63,0.627,0.697,-6.61,0.0266,0.218,0,0.933,154.086,2.96645,4,0,0,1,0,0,90s
7cxOL3nvmqd6w811wOlWT1,Strong,Paint Me A Birmingham,Tracy Lawrence,62,0.545,0.428,-9.388,0.0279,0.319,0,0.335,131.784,3.802883333,4,0,0,1,0,0,90s
2HmMklpgK8vGCpJmPpz1yG,Everywhere We Go,How Forever Feels,Kenny Chesney,62,0.723,0.674,-7.427,0.0297,0.0986,1.83E-05,0.61,124.9,3.136666667,4,0,0,1,0,0,90s
0PsBdKWnOQGMo9smobflvy,Longnecks & Short Stories,Bubba Shot The Jukebox,Mark Chesnutt,62,0.544,0.648,-8.454,0.0549,0.307,0,0.866,165.484,3.097333333,4,0,0,1,0,0,90s
6QUEB3DDAD7oJhbIZF2v4Y,Always & Forever,I Told You So,Randy Travis,62,0.615,0.347,-9.596,0.0259,0.182,0,0.273,78.994,3.65845,4,0,0,1,0,0,90s
4ICSwxlVyGaTquNqblL7Y9,Country Club,I'm Gonna Be Somebody,Travis Tritt,62,0.563,0.668,-6.666,0.0267,0.173,7.15E-06,0.543,76.406,4.082216667,4,0,0,1,0,0,90s
7s2NbKcFIJuEQumhvtHTAD,You've Got to Stand for Something,You've Got to Stand for Something,Aaron Tippin,62,0.533,0.585,-9.789,0.0337,0.199,0,0.472,83.403,3.038,4,0,0,1,0,0,90s
7pY4ul6PNtKKHCCQgYVtT7,Kickin' It Up,Be My Baby Tonight,John Michael Montgomery,62,0.632,0.773,-7.956,0.0381,0.215,2.70E-05,0.901,156.88,2.87,4,0,0,1,0,0,90s
7yNTZj1ugKCeRJdSP1meOk,Fly,Ready to Run,The Chicks,60,0.644,0.644,-7.542,0.0305,0.245,0.00083,0.293,98.746,3.854883333,4,0,0,1,0,0,90s
5Lwc3DTWzX6JaW2x2PZezt,I'm From The Country,I'm From The Country - Single Version,Tracy Byrd,61,0.687,0.898,-3.93,0.042,0.206,0,0.952,129.542,3.566216667,4,0,0,1,0,0,90s
2G6pvEfrwrJZS6NgqS3DqX,I Still Believe In You,Don't Let Our Love Start Slippin' Away,Vince Gill,61,0.736,0.719,-9.311,0.0313,0.42,0.000851,0.657,113.228,3.746666667,4,0,0,1,0,0,90s
52erNkfUKv34u02CjcHOPj,On the Other Hand - All the Number Ones,If I Didn't Have You,Randy Travis,61,0.674,0.578,-10.919,0.0663,0.164,0,0.961,172.498,3.11245,4,0,0,1,0,0,90s
4l8u5h7OjkZo2UmyUoeKYJ,I Will Stand,She's Got It All,Kenny Chesney,62,0.709,0.811,-6.603,0.0323,0.093,1.08E-05,0.735,132.728,3.418216667,4,0,0,1,0,0,90s
1ak2K9SpHCjnDbxmNFxr6P,Just The Same,"Poor, Poor Pitiful Me",Terri Clark,55,0.744,0.699,-6.744,0.0265,0.101,0,0.741,126.211,3.171116667,4,0,0,1,0,0,90s
2evFJQfQVcDEXyOiyEV6OW,Honky Tonk Attitude,John Deere Green,Joe Diffie,61,0.703,0.834,-5.054,0.0277,0.11,0,0.722,130.391,4.53445,4,0,0,1,0,0,90s
7BD50ATrF3Vab5FQy7vtK8,Greatest Hits,How Do I Live,LeAnn Rimes,71,0.577,0.462,-7.989,0.0279,0.128,0,0.258,128.303,4.44955,4,0,0,1,0,0,90s
1mICUTQCbRkAvGmO0cwoAz,Only What I Feel,Blame It on Your Heart,Patty Loveless,57,0.624,0.808,-7.739,0.0472,0.643,0,0.88,149.522,3.544133333,4,0,0,1,0,0,90s
5YY64mW5PL5waJKUsIJIQt,T-R-O-U-B-L-E,T-R-O-U-B-L-E,Travis Tritt,61,0.297,0.982,-4.326,0.051,0.0133,0.000699,0.793,179.311,3.002666667,4,0,0,1,0,0,90s
0MMdmhfFXpflLBJKq4cdYA,The Greatest Hits Collection,"Tall, Tall Trees",Alan Jackson,61,0.676,0.815,-6.192,0.037,0.204,0,0.965,145.969,2.460666667,4,0,0,1,0,0,90s
7C04W8ooqQD3vWKUSzeYnz,When Love Finds You,Go Rest High On That Mountain,Vince Gill,60,0.325,0.143,-12.218,0.033,0.469,0.000221,0.179,110.823,5.266216667,4,0,0,1,0,0,90s
5WEK4szbQp9c7ZK6LkYd9k,No Ordinary Man,The Keeper Of The Stars,Tracy Byrd,60,0.583,0.276,-12.912,0.0264,0.47,0,0.0486,78.079,4.127116667,4,0,0,1,0,0,90s
3VffiMehjhfqo7XZ5zGpCP,No Doubt About It,Wink,Neal McCoy,60,0.708,0.852,-6.177,0.0302,0.0761,0,0.93,117.644,2.707783333,4,0,0,1,0,0,90s
57IEs29xqMQaAkjQ8iQuI0,Out With A Bang,Party Crowd,David Lee Murphy,60,0.758,0.655,-11.661,0.0292,0.0379,0,0.767,127.141,3.307333333,4,0,0,1,0,0,90s
0NyMrtH8mUuvtJjEpESn7J,Greatest Hits,Life's a Dance,John Michael Montgomery,60,0.64,0.533,-9.846,0.0264,0.403,0,0.652,135.224,3.147333333,4,0,0,1,0,0,90s
6IEIPevuDocD80PovsX6kN,Who I Am,Gone Country,Alan Jackson,60,0.673,0.679,-7.337,0.0254,0.0875,0,0.612,125.607,4.34155,4,0,0,1,0,0,90s
2qdVHdkLxKntNjPh3Ssz7s,Wide Open Spaces,You Were Mine,The Chicks,59,0.542,0.346,-6.598,0.0296,0.342,0,0.173,139.856,3.630116667,4,0,0,1,0,0,90s
346GCw2msr77HA5I5NFsKS,Clay Walker,What's It to You,Clay Walker,59,0.722,0.573,-13.222,0.0363,0.0259,0,0.927,117.817,2.777116667,4,0,0,1,0,0,90s
1UEKaf3j6eXeNbySz761lc,The Very Best of Travis Tritt,Take It Easy - 2006 Remaster,Travis Tritt,59,0.632,0.876,-5.21,0.0276,0.0116,0,0.738,140.967,3.561783333,4,0,0,1,0,0,90s
34VnYs7xwpscz3DkbTMoHb,Did I Shave My Legs For This?,How Do I Get There,Deana Carter,50,0.694,0.794,-6.611,0.0289,0.211,0,0.667,97.622,4.16,4,0,0,1,0,0,90s
28RV5zuHGITT0rvh4NJM6W,Used To Want To Be A Cowboy,This Cowboy's Hat,Chris LeDoux,59,0.493,0.297,-14.838,0.0487,0.403,0,0.436,90.273,4.086216667,4,0,0,1,0,0,90s
4vbW5aT9UQGRqEScStQPPy,The Woman In Me,No One Needs To Know,Shania Twain,64,0.663,0.525,-9.674,0.0331,0.108,0,0.731,134.748,3.066,4,0,0,1,0,0,90s
1N9GGOUf8TQqsaPDByZzEF,American Pride,I'm in a Hurry (And Don't Know Why),Alabama,59,0.757,0.69,-8.645,0.0286,0.198,0,0.867,128.654,2.810666667,4,0,0,1,0,0,90s
1Ov6koHfZL43pGCDdfIoHf,Too Cold At Home,Brother Jukebox,Mark Chesnutt,59,0.632,0.615,-10.972,0.0262,0.191,0.00103,0.912,141.073,3.080666667,4,0,0,1,0,0,90s
76BuIHRNV8KDdrYveZBOOa,The Essential Mary Chapin Carpenter,Down at the Twist and Shout,Mary Chapin Carpenter,56,0.572,0.956,-4.376,0.0619,0.434,0,0.975,192.309,3.364883333,4,0,0,1,0,0,90s
69m9WDPBvemwujQwdONslk,Wide Open Spaces,There's Your Trouble,The Chicks,65,0.737,0.869,-5.433,0.0267,0.481,0,0.898,126.628,3.21775,4,0,0,1,0,0,90s
15gU2OepIEbeNTBbes6pIF,Who I Am,Livin' On Love,Alan Jackson,59,0.724,0.55,-9.767,0.0268,0.141,4.55E-06,0.67,118.557,3.826,4,0,0,1,0,0,90s
4YjjNHtEsTX6Af4mCTupT5,Feels Like Today,Bless The Broken Road,Rascal Flatts,75,0.591,0.45,-6.369,0.0266,0.671,2.23E-05,0.344,135.893,3.778,4,0,0,0,1,0,2000s
0LQtEJt7x0s6knb6RKdRYc,The Foundation,Chicken Fried,Zac Brown Band,80,0.566,0.713,-4.25,0.0418,0.645,0,0.805,169.861,3.969116667,4,0,0,0,1,0,2000s
0ZUo4YjG4saFnEJhdWp9Bt,Some Hearts,Before He Cheats,Carrie Underwood,82,0.519,0.749,-3.318,0.0405,0.271,0,0.29,147.905,3.33245,4,0,0,0,1,0,2000s
7G6l2FtQyRhQgYgut2I6i8,Honkytonk University,As Good As I Once Was,Toby Keith,78,0.68,0.87,-4.461,0.0393,0.266,0,0.646,119.075,3.797333333,4,0,0,0,1,0,2000s
0b9djfiuDIMw1zKH6gV74g,Golden Road,Somebody Like You,Keith Urban,72,0.624,0.84,-5.768,0.0337,0.108,0.000546,0.656,111.02,5.384,4,0,0,0,1,0,2000s
1WzAeadSKJhqykZFbJNmQv,Your Man,Your Man,Josh Turner,76,0.744,0.637,-4.483,0.0241,0.337,0.000222,0.785,100.511,3.53155,4,0,0,0,1,0,2000s
7GQjJEwqlp6m5HNWVQd6OR,Doin' Somethin' Right,Good Directions,Billy Currington,75,0.716,0.72,-2.183,0.0319,0.307,0,0.464,122.512,3.59755,4,0,0,0,1,0,2000s
3z1PqYwMtct2Dm4R9lhWnT,Crazy Ex-Girlfriend,Gunpowder & Lead,Miranda Lambert,68,0.333,0.907,-3.191,0.0959,0.153,0,0.353,187.826,3.194883333,4,0,0,0,1,0,2000s
3oW6SWwGqiZSPTiAp7ZQoH,Down The Road I Go,It's A Great Day To Be Alive,Travis Tritt,74,0.595,0.653,-4.935,0.0265,0.246,0,0.542,128.93,4.02555,4,0,0,0,1,0,2000s
0M7mWKqwTIaVjYyxfZmtTa,Unleashed,"Courtesy Of The Red, White And Blue (The Angry American)",Toby Keith,77,0.424,0.661,-5.547,0.0425,0.521,1.62E-06,0.384,111.762,3.258883333,4,0,0,0,1,0,2000s
2Fs18NaCDuluPG1DHGw1XG,Me And My Gang,Life is a Highway,Rascal Flatts,76,0.582,0.952,-3.848,0.0731,0.00324,0,0.655,103.027,4.605333333,4,0,0,0,1,0,2000s
26bL4gSULWDgdIMX0pRFrG,Here For The Party,Redneck Woman,Gretchen Wilson,67,0.499,0.825,-5.146,0.177,0.13,0,0.753,185.069,3.688883333,4,0,0,0,1,0,2000s
0f7OHfUNNs5DGTijGFPalp,A Hundred Miles Or More: A Collection,Whiskey Lullaby,"Alison Krauss, Brad Paisley",56,0.532,0.371,-8.908,0.0334,0.817,0,0.161,74.47,4.347116667,4,0,0,0,1,0,2000s
7rqaqQurHzR5xHAhdm1gmM,Fly,Goodbye Earl,The Chicks,66,0.705,0.7,-7.38,0.0295,0.0192,0,0.765,122.841,4.310666667,4,0,0,0,1,0,2000s
7E2DqvnVtbIrFrL5X6YH9Q,Unleashed,Beer For My Horses,"Toby Keith, Willie Nelson",76,0.717,0.85,-5.329,0.0473,0.368,0,0.805,119.005,3.4,4,0,0,0,1,0,2000s
2yhhcHTfvLC0HzSajGYL0h,Kerosene,Kerosene,Miranda Lambert,63,0.628,0.92,-3.252,0.0287,0.00687,5.34E-05,0.808,126.998,3.096666667,4,0,0,0,1,0,2000s
0okmLlOW6vKrilXDvtRMfg,Wide Open,She's Country,Jason Aldean,74,0.553,0.872,-2.832,0.0781,0.196,0,0.638,172.139,3.676216667,4,0,0,0,1,0,2000s
11EX5yhxr9Ihl3IN1asrfK,Need You Now,Need You Now,Lady A,74,0.587,0.622,-5.535,0.0303,0.0927,0.000636,0.231,107.943,4.626216667,4,0,0,0,1,0,2000s
4S518ci8UY4op0Xyp6Hx6o,The Foundation,Toes,Zac Brown Band,74,0.801,0.759,-5.398,0.0378,0.657,0,0.821,129.971,4.37955,4,0,0,0,1,0,2000s
0r8iDf65NHgFgZOGLwj5r8,Dierks Bentley,What Was I Thinkin',Dierks Bentley,73,0.551,0.825,-6.24,0.044,0.152,6.20E-06,0.933,164.857,4.347116667,4,0,0,0,1,0,2000s
3duP6mBVDsHM8ioN7o7dAK,The Road To Here,Boondocks,Little Big Town,69,0.41,0.78,-5.391,0.0332,0.211,0,0.695,88.016,4.539116667,4,0,0,0,1,0,2000s
2AogRMqARWyUP7VQ3gmSoY,I Need You,Can't Fight The Moonlight,LeAnn Rimes,72,0.628,0.834,-6.341,0.0497,0.403,0,0.626,97.865,3.591783333,4,0,0,0,1,0,2000s
32jHB7W9b08OTorAqR0cJo,Shock 'N Y'all,I Love This Bar,Toby Keith,73,0.608,0.825,-6.303,0.0419,0.024,0.00656,0.454,115.049,5.588883333,4,0,0,0,1,0,2000s
1KhrAWvLIjRlQIJtSTgvsi,Your Man,Would You Go With Me,Josh Turner,73,0.605,0.864,-5.365,0.0292,0.13,0.000827,0.736,122.918,3.803116667,4,0,0,0,1,0,2000s
5s7m2xNZWgz5FqVSIvJcGA,Horse of a Different Color,Save a Horse (Ride a Cowboy),Big & Rich,72,0.7,0.896,-2.276,0.191,0.108,0,0.817,102.065,3.33845,4,0,0,0,1,0,2000s
4bVuIlGQBMWS7vIhcx8Ae4,Me And My Gang,What Hurts The Most,Rascal Flatts,72,0.537,0.674,-5.134,0.0277,0.0088,0,0.33,136.002,3.56845,4,0,0,0,1,0,2000s
1zmvaeDthBdtthb4RgYr9a,Born To Fly,Born to Fly,Sara Evans,56,0.612,0.663,-9.314,0.035,0.00931,0.0152,0.558,100.178,5.606,4,0,0,0,1,0,2000s
5JlH51YDYsGj2dyEJKKjcN,Learn To Live,Alright,Darius Rucker,72,0.601,0.806,-4.579,0.0345,0.0527,0,0.711,89.87,3.865333333,4,0,0,0,1,0,2000s
01CnYyPXMFRzOFVQBU8WMb,Martina,This One's for the Girls,Martina McBride,61,0.613,0.801,-4.431,0.0354,0.0626,1.15E-05,0.609,126.966,4.052666667,4,0,0,0,1,0,2000s
6IC6VhpV7D8T1t037Atqpu,III,Tequila Makes Her Clothes Fall Off,Joe Nichols,72,0.664,0.706,-7.045,0.027,0.129,1.06E-06,0.681,93.968,3.11755,4,0,0,0,1,0,2000s
0rK4HCKzv2r1IXqKX3DKpq,Who I Am,Who I Am,Jessica Andrews,57,0.463,0.674,-5.422,0.0319,0.0115,0,0.259,84.039,4.2539,4,0,0,0,1,0,2000s
7B1QliUMZv7gSTUGAfMRRD,Live Like You Were Dying,Live Like You Were Dying,Tim McGraw,71,0.416,0.546,-7.728,0.0297,0.492,0,0.418,159.929,5.00555,4,0,0,0,1,0,2000s
3lec3CzDPAxsZokPph5w87,Some Hearts,"Jesus, Take the Wheel",Carrie Underwood,65,0.359,0.518,-3.537,0.0302,0.665,0,0.135,76.572,3.774883333,4,0,0,0,1,0,2000s
7CNd7rjfVt74TFlcOcnZgN,That Lonesome Song,In Color,Jamey Johnson,71,0.544,0.404,-8.751,0.0354,0.391,3.98E-06,0.251,129.518,4.844666667,4,0,0,0,1,0,2000s
0Om9WAB5RS09L80DyOfTNa,Taylor Swift,Tim McGraw,Taylor Swift,68,0.58,0.491,-6.462,0.0251,0.575,0,0.425,76.009,3.86845,4,0,0,0,1,0,2000s
3VHevS1BocAcrihLnl11DG,Pull My Chain,I Wanna Talk About Me,Toby Keith,71,0.765,0.87,-5.191,0.0499,0.168,0,0.684,106.06,3.066,4,0,0,0,1,0,2000s
69j0KoPJuwpnbGWrfn7Yll,Cocky,Picture (feat. Sheryl Crow),"Kid Rock, Sheryl Crow",71,0.692,0.496,-7.332,0.0241,0.172,6.42E-06,0.376,97.945,4.982666667,4,0,0,0,1,0,2000s
5hviCr3lgg6LY6noG6DPKs,Home,Landslide,The Chicks,69,0.571,0.438,-7.007,0.0279,0.534,1.56E-05,0.444,145.948,3.842483333,4,0,0,0,1,0,2000s
5JnLiuMgRAWoHYOhatFP3s,Little Bit Of Everything,People Are Crazy,Billy Currington,70,0.651,0.699,-5.006,0.0265,0.213,0.000265,0.36,141.938,3.856,4,0,0,0,1,0,2000s
0Ajm7DFmbGEURySKm7G2jf,Wide Open,Big Green Tractor,Jason Aldean,69,0.623,0.59,-5.014,0.028,0.646,0,0.578,137.073,3.403333333,4,0,0,0,1,0,2000s
3EZzghqykkfOB0Z8d0kTSt,Red Dirt Road,Red Dirt Road,Brooks & Dunn,69,0.555,0.868,-3.798,0.0403,0.0664,0.000117,0.479,136.12,4.339333333,4,0,0,0,1,0,2000s
5OusUgzHz6Ulb3GZT7WUo5,If You're Going Through Hell,Watching You,Rodney Atkins,69,0.625,0.848,-4.008,0.0314,0.105,0,0.716,137.993,3.923783333,4,0,0,0,1,0,2000s
3GCL1PydwsLodcpv0Ll1ch,Fearless,You Belong With Me,Taylor Swift,71,0.687,0.783,-4.44,0.0386,0.162,1.35E-05,0.443,129.964,3.852216667,4,0,0,0,1,0,2000s
28Sc21lrWcZD9Ov4rRkPJq,The Man I Want To Be,Gettin' You Home,Chris Young,69,0.639,0.678,-5.02,0.0278,0.44,1.45E-06,0.531,106.966,3.53555,4,0,0,0,1,0,2000s
1FV374EPG5CrjdIbIMLkcv,Drive,Drive (For Daddy Gene),Alan Jackson,69,0.713,0.579,-8.066,0.0413,0.338,0,0.511,125.179,4.04555,4,0,0,0,1,0,2000s
6NhpIdjYoufuNNlBsgOztc,Restless,Suds in the Bucket,Sara Evans,67,0.511,0.903,-3.163,0.0397,0.052,0.000529,0.898,161.992,3.787783333,4,0,0,0,1,0,2000s
6TefPQD0oc88BNALpu4U87,Doin' Somethin' Right,Must Be Doin' Somethin' Right,Billy Currington,68,0.489,0.647,-3.424,0.027,0.205,0,0.436,167.792,4.493116667,4,0,0,0,1,0,2000s
5wane5dFpp8xgriui6y0c7,Blake Shelton,Ol' Red,Blake Shelton,67,0.664,0.556,-7.713,0.0365,0.146,3.91E-06,0.494,75.049,3.687783333,4,0,0,0,1,0,2000s
2dRPQFwPqAmc42mDRnsDQu,Carnival Ride,All-American Girl,Carrie Underwood,64,0.624,0.805,-2.632,0.029,0.0466,0,0.77,123.991,3.536216667,4,0,0,0,1,0,2000s
1vrd6UOGamcKNGnSHJQlSt,Fearless,Love Story,Taylor Swift,70,0.618,0.741,-3.95,0.031,0.17,0,0.296,118.984,3.921116667,4,0,0,0,1,0,2000s
4xInIiKipU1mtUogJ3ZdYr,Need You Now,American Honey,Lady A,67,0.588,0.684,-5.154,0.0288,0.508,0,0.121,85.997,3.747783333,4,0,0,0,1,0,2000s
3dAgQFdruU8ufWc5GE05xC,Time Well Wasted,She's Everything,Brad Paisley,67,0.355,0.478,-8.323,0.0334,0.569,2.88E-06,0.271,102.967,4.448666667,4,0,0,0,1,0,2000s
0SuzUhWAgStNIMZR4jEGgk,Here For The Party,Here for the Party,Gretchen Wilson,63,0.656,0.717,-4.871,0.0279,0.0127,1.22E-05,0.809,123.988,3.279333333,4,0,0,0,1,0,2000s
79YeQbd1p7MsuT7wHQLRYY,Fireflies,Mississippi Girl,Faith Hill,55,0.499,0.765,-4.148,0.0521,0.113,0,0.665,83.916,3.87845,4,0,0,0,1,0,2000s
7zMcNqs55Mxer82bvZFkpg,Taylor Swift,Teardrops On My Guitar - Radio Single Remix,Taylor Swift,69,0.621,0.417,-6.941,0.0231,0.288,0,0.289,99.953,3.384,4,0,0,0,1,0,2000s
5vLonpxn4VN0A8GtQOBSG0,When The Sun Goes Down,When the Sun Goes Down,"Kenny Chesney, Uncle Kracker",67,0.798,0.741,-6.802,0.0284,0.0432,3.00E-06,0.708,104.945,4.842666667,4,0,0,0,1,0,2000s
6Gfmj0HbpvxTdW0sdlzTDU,Me And My Gang,My Wish,Rascal Flatts,66,0.548,0.769,-4.853,0.0312,0.0307,5.53E-06,0.388,135.712,4.138,4,0,0,0,1,0,2000s
65B1tEOv5W294uCKbmEcFV,I Hope You Dance,I Hope You Dance,Lee Ann Womack,66,0.385,0.443,-9.627,0.0295,0.0632,0,0.275,151.278,4.908883333,4,0,0,0,1,0,2000s
0AkZjWYCMJ8wWiNex7LmkY,Home,Travelin' Soldier,The Chicks,68,0.569,0.365,-7.047,0.0265,0.691,0,0.508,145.859,5.72495,4,0,0,0,1,0,2000s
19TKY0KksXTyTGhAImxwQ1,My Kind Of Livin',Redneck Yacht Club,Craig Morgan,66,0.49,0.817,-5.405,0.0355,0.455,0,0.808,168.115,3.83955,4,0,0,0,1,0,2000s
6Ozp6ac86CSHMik8lbvJuM,Love Like Crazy,Love Like Crazy,Lee Brice,66,0.535,0.725,-5.108,0.0275,0.0203,1.45E-05,0.292,78.489,3.623116667,4,0,0,0,1,0,2000s
6dWGSm15Vj6m7qLKEO85ZN,There's More Where That Came From,I May Hate Myself In The Morning,Lee Ann Womack,51,0.439,0.417,-10.226,0.0275,0.224,5.22E-05,0.3,173.727,4.547783333,4,0,0,0,1,0,2000s
2WQAknZHrJAEQOFXe0F44P,Blake Shelton,Austin,Blake Shelton,65,0.605,0.609,-7.063,0.0278,0.188,0,0.275,119.914,3.838883333,4,0,0,0,1,0,2000s
7dFSHwa7BNZvWlOuYsvFpy,Small Town Girl,Red High Heels,Kellie Pickler,54,0.626,0.842,-3.74,0.0337,0.13,0,0.54,115.72,3.714216667,4,0,0,0,1,0,2000s
5439qJTu5mVH9aeriwp03u,Have A Nice Day,Who Says You Can't Go Home,"Bon Jovi, Jennifer Nettles",57,0.537,0.885,-3.641,0.0343,0.0437,0,0.802,131.698,3.838,4,0,0,0,1,0,2000s
0WB48shl2wAH4KqyQkQ8nJ,Man With A Memory,Brokenheartsville,Joe Nichols,64,0.686,0.631,-5.182,0.0232,0.126,0.000183,0.509,103.953,3.839333333,4,0,0,0,1,0,2000s
08NPIspzvBNj88lHalgA4V,Revolution,White Liar,Miranda Lambert,58,0.35,0.777,-4.33,0.0336,0.0499,0.000738,0.42,185.046,4.796,4,0,0,0,1,0,2000s
7A5CReD6yWe0rrkJym34QI,Doin' My Thing,Do I,Luke Bryan,64,0.581,0.691,-5.33,0.0333,0.257,0,0.299,137.985,3.990216667,4,0,0,0,1,0,2000s
57I7CUbXo4XlWuTVB8pXW6,When The Sun Goes Down,I Go Back,Kenny Chesney,64,0.532,0.842,-5.754,0.0503,0.0409,0,0.67,90.187,4.061116667,4,0,0,0,1,0,2000s
7vSn3VNbzOtPebdj6ZSebj,If You're Going Through Hell,If You're Going Through Hell (Before The Devil Even Knows),Rodney Atkins,64,0.566,0.898,-3.659,0.0634,0.0613,0,0.791,115.954,3.612883333,4,0,0,0,1,0,2000s
4D8uIY6Wzj7dJDaw0dW0UF,You Do Your Thing,Something to Be Proud Of,Montgomery Gentry,63,0.645,0.693,-6.481,0.0344,0.0811,1.22E-05,0.553,97.555,4.276666667,4,0,0,0,1,0,2000s
7oiCqfE8Wjk8wf0pFTgL2H,Josh Gracin,Nothin' To Lose,Josh Gracin,60,0.607,0.876,-4.117,0.0382,0.371,0,0.886,121.043,2.614883333,4,0,0,0,1,0,2000s
63u5QGp9dKXAoYTVKUKBYn,Living Hard,Watching Airplanes,Gary Allan,63,0.374,0.711,-3.587,0.0354,0.547,4.12E-05,0.468,160.001,4.049116667,4,0,0,0,1,0,2000s
15DeqWWQB4dcEWzJg15VrN,Taylor Swift,Our Song,Taylor Swift,76,0.668,0.672,-4.931,0.0303,0.111,0,0.539,89.011,3.351783333,4,0,0,0,1,0,2000s
2HqCaO7BV010qXS5FuiTED,Long Black Train,Long Black Train,Josh Turner,63,0.537,0.699,-6.615,0.0399,0.237,2.27E-05,0.814,84.905,4.177116667,4,0,0,0,1,0,2000s
7kWeSMXLxUHHOkFxsS0vhP,Blake Shelton's Barn & Grill,Some Beach,Blake Shelton,63,0.787,0.765,-6.331,0.0265,0.231,1.79E-05,0.964,115.979,3.413783333,4,0,0,0,1,0,2000s
6LCEyZZHFF4ebF1Mike1s5,Taking The Long Way,Not Ready to Make Nice,The Chicks,64,0.425,0.554,-4.145,0.0298,0.134,8.56E-05,0.288,83.917,3.95495,4,0,0,0,1,0,2000s
3SRuODYNV4j2ckkJ9Samju,See If I Care,Nothing On But The Radio,Gary Allan,63,0.679,0.736,-5.954,0.026,0.0572,9.25E-06,0.664,109.444,3.533783333,4,0,0,0,1,0,2000s
4ZeLTFjHBC4ZyH4owJPH0Q,Jason Aldean,Amarillo Sky,Jason Aldean,63,0.493,0.777,-3.887,0.0392,0.314,0,0.429,154.99,3.375783333,4,0,0,0,1,0,2000s
2nKvLnpExkH7Mfc14c6a7H,My Kind Of Livin',That's What I Love About Sunday,Craig Morgan,63,0.6,0.56,-6.311,0.0325,0.479,0,0.417,139.469,3.358216667,4,0,0,0,1,0,2000s
2GgIDaPLsowybB3WgxLWUj,Three Chord Country and American Rock & Roll,Pickin' Wildflowers,Keith Anderson,63,0.561,0.716,-3.341,0.0291,0.0353,0,0.667,152.089,3.098666667,4,0,0,0,1,0,2000s
4gzeYkzuzxuzAUTsGcdjqA,Learn To Live,It Won't Be Like This For Long,Darius Rucker,63,0.584,0.524,-6.001,0.0287,0.335,0,0.389,143.863,3.65,4,0,0,0,1,0,2000s
7K4VxvIXXbDbaVn6ARbch1,Anything Goes,Boots On,Randy Houser,62,0.713,0.887,-4.564,0.0322,0.0387,1.79E-05,0.88,112.016,2.846883333,4,0,0,0,1,0,2000s
5jFid6SUnYqohvNvNuZvIz,If You're Going Through Hell,These Are My People,Rodney Atkins,62,0.558,0.896,-3.687,0.0545,0.0316,0,0.63,90.064,3.560883333,4,0,0,0,1,0,2000s
5FIp4LrsffxiHLhmmpCbCx,Stronger,A Little Bit Stronger,Sara Evans,62,0.536,0.65,-5.603,0.0337,0.282,1.16E-06,0.288,147.93,5.033116667,4,0,0,0,1,0,2000s
5d98TnYzxQmFE4vKgzWXuT,Some Hearts,Wasted,Carrie Underwood,55,0.548,0.775,-3.285,0.0306,0.0936,0,0.311,94.998,4.571116667,4,0,0,0,1,0,2000s
4b0XF7CDpJEBAdVHMw7amV,Sunset Man (Standard Version),Just Got Started Lovin' You,James Otto,62,0.705,0.606,-7.047,0.0243,0.159,0.00149,0.876,98.001,3.910666667,4,0,0,0,1,0,2000s
7uPReljrrTaqzDCcx4JHmi,My Life's Been A Country Song,What Kinda Gone,Chris Cagle,62,0.494,0.861,-5.236,0.0365,0.257,0,0.668,172.052,3.026883333,4,0,0,0,1,0,2000s
6CkydK3NOAMScIhViRzXoB,#1s ... and then some,Ain't Nothing 'Bout You,Brooks & Dunn,61,0.325,0.887,-4.199,0.0569,0.144,1.35E-06,0.705,202.339,3.32355,4,0,0,0,1,0,2000s
0jSIovJtKxEXH6vI4oRx7I,Let's Be Us Again,Mr. Mom,Lonestar,61,0.505,0.842,-3.316,0.0475,0.0576,0,0.671,172.136,3.478216667,4,0,0,0,1,0,2000s
0ElpjZyX8YBiXuYcDC1Ci9,Greatest Hits,19 Somethin' - Greatest Hits Version,Mark Wills,61,0.58,0.816,-5.165,0.0726,0.132,0,0.814,89.938,3.341116667,4,0,0,0,1,0,2000s
3wimPgsJv0hEgP5A3sQ7Ag,Up! (Green Version),I'm Gonna Getcha Good,Shania Twain,61,0.723,0.789,-4.813,0.0302,0.0441,0,0.946,124.013,4.49,4,0,0,0,1,0,2000s
79DjV1vsU6yVoCbrQNNDdI,Who Needs Pictures,We Danced,Brad Paisley,61,0.592,0.39,-10.642,0.027,0.477,0,0.143,146.039,3.77045,4,0,0,0,1,0,2000s
539dFCMA8lfEElDPgGpcIB,I'll Stay Me,All My Friends Say,Luke Bryan,60,0.683,0.9,-4.422,0.0333,0.0439,0,0.962,117.036,4.046666667,4,0,0,0,1,0,2000s
1CjQCQsl9FDb3WhjGcFOzG,When The Sun Goes Down,There Goes My Life,Kenny Chesney,60,0.577,0.483,-8.141,0.0324,0.0337,6.22E-06,0.218,135.77,5.04445,4,0,0,0,1,0,2000s
0XfFxeXzMkIy5SWAVpOQin,Learn To Live,Don't Think I Don't Think About It,Darius Rucker,60,0.578,0.752,-5.264,0.033,0.0275,0,0.405,149.689,3.055116667,4,0,0,0,1,0,2000s
1TKlBK9cSrM5u4CiL4SETS,The Outsiders,Talladega,Eric Church,68,0.586,0.677,-8.343,0.0294,0.043,0.0936,0.562,144.001,4.371333333,4,0,0,0,0,1,2010s
3fqwjXwUGN6vbzIwvyFMhx,Traveller,Tennessee Whiskey,Chris Stapleton,86,0.392,0.37,-10.888,0.0298,0.205,0.0096,0.512,48.718,4.888216667,4,0,0,0,0,1,2010s
02eD9ymfJOJOhM97HYp5R9,Revolution,The House That Built Me,Miranda Lambert,69,0.525,0.3,-8.005,0.0286,0.578,8.30E-06,0.206,80.993,3.943783333,4,0,0,0,0,1,2010s
2rxQMGVafnNaRaXlRMWPde,This One's for You Too (Deluxe Edition),Beautiful Crazy,Luke Combs,84,0.551,0.402,-7.431,0.0262,0.676,0,0.382,103.313,3.22,4,0,0,0,0,1,2010s
6foY66mWZN0pSRjZ408c00,If I Know Me,Whiskey Glasses,Morgan Wallen,83,0.614,0.68,-4.58,0.0289,0.369,1.84E-06,0.707,149.959,3.905783333,4,0,0,0,0,1,2010s
2wqXQjOmQ9KoBm9Ssgt4Fo,The First Time,Peter Pan,Kelsea Ballerini,65,0.514,0.659,-6.142,0.0309,0.0284,0,0.463,76.483,3.334,4,0,0,0,0,1,2010s
3xdjjKMcMOFgo1eQrfbogM,True Believers,Wagon Wheel,Darius Rucker,81,0.537,0.66,-7.174,0.0296,0.455,0,0.574,148.096,4.972883333,4,0,0,0,0,1,2010s
3FU6urUVsgXa6RBuV2PdRk,Diplo Presents Thomas Wesley: Chapter 1 - Snake Oil,Heartless (feat. Morgan Wallen),"Diplo, Morgan Wallen",81,0.765,0.556,-6.417,0.0512,0.275,0,0.274,111.033,2.82045,4,0,0,0,0,1,2010s
0bPnT6i9H1p8Vd85GS6Z7I,California Sunrise,Night Shift,Jon Pardi,79,0.63,0.754,-3.564,0.0284,0.0963,0,0.73,95.999,2.870883333,4,0,0,0,0,1,2010s
5UDqWOgDdixYMAgAyNbpgh,Same Trailer Different Park,Merry Go 'Round,Kacey Musgraves,65,0.651,0.466,-9.403,0.0305,0.541,0.0027,0.326,86.953,3.448216667,4,0,0,0,0,1,2010s
1mMLMZYXkMueg65jRRWG1l,This One's for You,When It Rains It Pours,Luke Combs,83,0.551,0.801,-5.069,0.0303,0.013,6.03E-06,0.625,128.027,4.012666667,4,0,0,0,0,1,2010s
5MwynWK9s4hlyKHqhkNn4A,If I Know Me,Chasin' You,Morgan Wallen,83,0.631,0.591,-5.785,0.0277,0.657,0,0.489,97.074,3.424216667,4,0,0,0,0,1,2010s
0JbSghVDghtFEurrSO8JrC,Tailgates & Tanlines,Country Girl (Shake It For Me),Luke Bryan,79,0.645,0.904,-4.532,0.0462,0.0293,0,0.671,105.97,3.759333333,4,0,0,0,0,1,2010s
09iyGiljLWRYXdRazFkdtJ,HERO (Deluxe Edition),I Could Use a Love Song,Maren Morris,66,0.638,0.634,-6.474,0.0468,0.214,0,0.473,92.097,3.2737,4,0,0,0,0,1,2010s
05ZACkzW8YbRq3eFgIfSNB,Chief,Springsteen,Eric Church,78,0.692,0.809,-5.935,0.0255,0.1,9.77E-05,0.927,104.023,4.389783333,4,0,0,0,0,1,2010s
6s9m5J92By7jii22Q2XtY2,Platinum,Somethin' Bad (with Carrie Underwood) - Duet with Carrie Underwood [Album],"Miranda Lambert, Carrie Underwood",67,0.68,0.888,-5.308,0.055,0.0527,2.82E-06,0.484,90.076,2.82645,4,0,0,0,0,1,2010s
5jROdl6MhcmP3O7h2sVgtw,Traveller,Parachute,Chris Stapleton,77,0.642,0.762,-7.411,0.0296,0.00967,5.72E-05,0.605,113.038,4.22,4,0,0,0,0,1,2010s
10M2Ex445zw585Ducldzkw,Brett Young,In Case You Didn't Know,Brett Young,77,0.607,0.536,-7.306,0.0305,0.386,0,0.434,147.986,3.74755,4,0,0,0,0,1,2010s
7f08qp3HROTkfrtNpiYGGo,California Sunrise,Dirt On My Boots,Jon Pardi,78,0.683,0.796,-4.179,0.0285,0.111,0,0.531,90.031,3.364883333,4,0,0,0,0,1,2010s
698eQRku24PIYPQPHItKlA,This One's for You Too (Deluxe Edition),She Got the Best of Me,Luke Combs,82,0.533,0.907,-3.793,0.0406,0.0292,0,0.7,150.99,3.052666667,4,0,0,0,0,1,2010s
03fT3OHB9KyMtGMt2zwqCT,Crash My Party,Play It Again,Luke Bryan,79,0.506,0.886,-3.225,0.0655,0.0916,0,0.595,143.935,3.781116667,4,0,0,0,0,1,2010s
21LRaD9rB3v7p7DDCZsW4y,If I Know Me,The Way I Talk,Morgan Wallen,77,0.604,0.879,-3.388,0.0322,0.0468,0,0.757,137.983,3.471333333,4,0,0,0,0,1,2010s
5kNe7PE09d6Kvw5pAsx23n,Tangled Up,Die A Happy Man,Thomas Rhett,77,0.595,0.389,-9.245,0.0349,0.418,1.39E-06,0.4,166.052,3.79045,4,0,0,0,0,1,2010s
2TXtN9MoV308Y0z1HvyTfV,Rearview Town,You Make It Easy,Jason Aldean,76,0.542,0.571,-5.299,0.028,0.156,0,0.506,131.877,3.22045,3,0,0,0,0,1,2010s
5yEPktRqvIhko5QFF3aBhQ,Speak Now,Mean,Taylor Swift,62,0.568,0.761,-3.987,0.0459,0.452,0,0.789,163.974,3.962216667,4,0,0,0,0,1,2010s
1cktZnxiONH0hR6Q3DKy8h,Chief,Drink In My Hand,Eric Church,76,0.626,0.913,-4.452,0.0318,0.00635,0,0.946,113.044,3.18845,4,0,0,0,0,1,2010s
4ly1QBXEwYoDmje9rmEgC4,California Sunrise,Head Over Boots,Jon Pardi,77,0.563,0.688,-4.474,0.0262,0.0763,0,0.622,108.008,3.37245,4,0,0,0,0,1,2010s
6xHI9KjUjYT0FPtGO8Mxa1,This One's for You,Hurricane,Luke Combs,80,0.464,0.813,-6.185,0.0416,0.0153,0,0.515,75.977,3.708883333,4,0,0,0,0,1,2010s
1dgWTMoHwTUnQhOQ8SR5fV,The Big Revival,American Kids,Kenny Chesney,76,0.782,0.589,-7.37,0.0803,0.0476,5.84E-06,0.849,85.022,3.049333333,4,0,0,0,0,1,2010s
60IGhnH20N82dNxKnc8jDd,You Get What You Give,Knee Deep (feat. Jimmy Buffett),"Zac Brown Band, Jimmy Buffett",76,0.715,0.584,-8.231,0.0296,0.432,1.41E-06,0.609,90.99,3.386216667,4,0,0,0,0,1,2010s
5HGibWoxnkYSkl6mHmAlOE,Crash My Party,That's My Kind Of Night,Luke Bryan,76,0.661,0.751,-2.909,0.0481,0.0571,0,0.875,109.995,3.169783333,4,0,0,0,0,1,2010s
7iDa6hUg2VgEL1o1HjmfBn,All Your Fault: Pt. 2,Meant to Be (feat. Florida Georgia Line),"Bebe Rexha, Florida Georgia Line",75,0.643,0.783,-6.458,0.0856,0.047,0,0.579,154.084,2.731166667,4,0,0,0,0,1,2010s
1GRiBe0kNCNYpjwCHIyynI,Start Here,Girl In A Country Song,Maddie & Tae,58,0.59,0.908,-3.789,0.084,0.285,0,0.874,160.028,3.630666667,4,0,0,0,0,1,2010s
5ZVGvay4xwgXMnQWffNYeU,My Kinda Party,Dirt Road Anthem,Jason Aldean,75,0.68,0.74,-5.064,0.0355,0.342,1.81E-06,0.644,127.024,3.823333333,4,0,0,0,0,1,2010s
7aEtlGHoiPAfRB084NiDmx,What You See Is What You Get,Beer Never Broke My Heart,Luke Combs,80,0.538,0.863,-4.483,0.0481,0.0139,0,0.637,77.001,3.112216667,4,0,0,0,0,1,2010s
7zVCrzzEJU7u24sbJPXA5W,Kane Brown,What Ifs (feat. Lauren Alaina),"Kane Brown, Lauren Alaina",75,0.612,0.799,-4.603,0.0275,0.00898,0,0.687,125.976,3.13755,4,0,0,0,0,1,2010s
2mXsZsJBThTaJXbNcg5QD4,Four The Record,Mama's Broken Heart,Miranda Lambert,71,0.768,0.809,-4.204,0.0616,0.278,0,0.748,111.989,2.962883333,4,0,0,0,0,1,2010s
3EWMoDIm6lzuR0zQKtuCJX,If I Know Me,Up Down (feat. Florida Georgia Line),"Morgan Wallen, Florida Georgia Line",75,0.589,0.882,-3.039,0.035,0.0813,0,0.793,129.915,3.28755,4,0,0,0,0,1,2010s
56eGOeSsqdg3FLxdo83TwV,Lee Brice,Rumor,Lee Brice,75,0.655,0.56,-6.857,0.0486,0.749,0,0.599,140.975,3.307333333,4,0,0,0,0,1,2010s
3ts6xK5GzfMAAriT9AIBmP,Barefoot Blue Jean Night,Barefoot Blue Jean Night,Jake Owen,74,0.599,0.807,-4.679,0.0402,0.202,0,0.812,172.017,2.79045,4,0,0,0,0,1,2010s
1Dm4iAvqwYrZjgSFJNW5TG,Every Little Thing (Big Machine Radio Release Special),Every Little Thing,Carly Pearce,55,0.636,0.428,-6.512,0.0375,0.434,1.02E-05,0.32,139.919,3.01755,4,0,0,0,0,1,2010s
1HXy5I3HTWq8OvxCn0z7G7,Kane Brown (Deluxe Edition),Heaven,Kane Brown,75,0.677,0.556,-6.544,0.0306,0.263,0,0.521,80.006,2.991783333,4,0,0,0,0,1,2010s
0vFMQi8ZnOM2y8cuReZTZ2,Blown Away,Blown Away,Carrie Underwood,65,0.531,0.843,-2.569,0.0429,0.0909,0,0.392,136.991,4.002216667,4,0,0,0,0,1,2010s
7c1KTn1z8Gw8ouYdcF4qaG,Tailgates & Tanlines,I Don't Want This Night To End,Luke Bryan,74,0.616,0.728,-4.02,0.0278,0.0275,0,0.375,111.934,3.666216667,4,0,0,0,0,1,2010s
1vBpwxsLVwaR4evBIaFmqD,On The Rocks,Drinkin' Problem,Midland,74,0.622,0.763,-6.4,0.0263,0.055,8.91E-06,0.621,102,3.68,4,0,0,0,0,1,2010s
5j4hSQH0KaAc8f6cimnXIT,Traveller,Fire Away,Chris Stapleton,74,0.559,0.301,-9.066,0.0297,0.055,0.00979,0.177,116.123,4.072216667,3,0,0,0,0,1,2010s
2zhk0kypGeOPsaaZcjyc14,Untamed,Burning House,Cam,67,0.728,0.253,-8.427,0.0304,0.887,1.11E-05,0.457,140.923,3.85555,4,0,0,0,0,1,2010s
4hPpVbbakQNv8YTHYaOJP4,One Thing Right,One Thing Right,"Marshmello, Kane Brown",74,0.659,0.625,-2.253,0.045,0.0644,0,0.442,88.042,3.0304,4,0,0,0,0,1,2010s
3U8dHeggJ8IBe0UCb1gbyB,You Get What You Give,Colder Weather,Zac Brown Band,73,0.667,0.381,-7.494,0.0294,0.455,0,0.199,135.975,4.564883333,4,0,0,0,0,1,2010s
42fw0rxRO2xbesF6mJfd4Y,Dan + Shay,Tequila,Dan + Shay,73,0.489,0.581,-5.731,0.0281,0.0312,0,0.494,86.016,3.279116667,4,0,0,0,0,1,2010s
0i5el041vd6nxrGEU8QRxy,Here's To The Good Times,Cruise,Florida Georgia Line,73,0.457,0.948,-3.364,0.0354,0.0191,0,0.878,148,3.482666667,4,0,0,0,0,1,2010s
4YKAOXyqkKZ5gOZR0AmVMN,Clancy's Tavern,Red Solo Cup,Toby Keith,72,0.535,0.56,-6.586,0.0901,0.287,0,0.785,164.17,3.723116667,4,0,0,0,0,1,2010s
1TwLKNsCnhi1HxbIi4bAW0,Montevallo,House Party,Sam Hunt,72,0.747,0.861,-5.251,0.0514,0.113,0,0.859,103.966,3.170666667,4,0,0,0,0,1,2010s
1soxUgYIZb1qx1c7o1Lc7z,RISER,Drunk On A Plane,Dierks Bentley,72,0.423,0.73,-5.566,0.032,0.00495,1.13E-05,0.66,205.972,4.241116667,4,0,0,0,0,1,2010s
3qTmB5HxP9ilJaiM6B1yuk,Seasons Change,Five More Minutes,Scotty McCreery,72,0.494,0.634,-4.933,0.0282,0.259,1.15E-06,0.28,156.03,4.019116667,4,0,0,0,0,1,2010s
1LM5zQv5pBKPyO7rm7Uz6U,HERO (Deluxe Edition),My Church,Maren Morris,69,0.517,0.743,-4.336,0.0363,0.243,3.36E-06,0.664,76.979,3.29885,4,0,0,0,0,1,2010s
1nVLAEzhBXMJLR5zAl90Nl,Life At Best,Crazy Girl,Eli Young Band,71,0.366,0.651,-3.842,0.031,0.000415,0.00526,0.257,151.343,3.345116667,3,0,0,0,0,1,2010s
2TR7A4ulH9R1PNwMyd8o8U,Here's To The Good Times...This Is How We Roll,This Is How We Roll,"Florida Georgia Line, Luke Bryan",72,0.555,0.931,-2.969,0.0367,0.016,0,0.723,132.085,3.681783333,4,0,0,0,0,1,2010s
0knbW9EwgSLfNFMWys1mQm,The First Time,Love Me Like You Mean It,Kelsea Ballerini,57,0.645,0.84,-5.894,0.0518,0.0452,0,0.805,151.94,3.333783333,4,0,0,0,0,1,2010s
7mldq42yDuxiUNn08nvzHO,Body Like A Back Road,Body Like A Back Road,Sam Hunt,72,0.732,0.458,-7.225,0.0311,0.447,0,0.661,98.938,2.75645,4,0,0,0,0,1,2010s
2kR18wsL3gvXRXdNE4dCGc,JEKYLL + HYDE,Homegrown,Zac Brown Band,71,0.712,0.807,-3.976,0.0297,0.0244,0.000122,0.936,105.024,3.416666667,4,0,0,0,0,1,2010s
2p07VcUwRZ5sru3mJ0JogS,Haywire,Why Don't We Just Dance,Josh Turner,71,0.677,0.776,-5.933,0.0386,0.42,0.000689,0.642,121.834,3.213333333,4,0,0,0,0,1,2010s
4Qtw0HNKSbIRT5sWUnbRXc,The Weight of These Wings,Vice,Miranda Lambert,56,0.568,0.562,-7.775,0.0418,0.101,6.16E-05,0.247,133.647,4.004666667,4,0,0,0,0,1,2010s
498ZVInMGDkmmNVpSWqHiZ,Dig Your Roots,May We All,"Florida Georgia Line, Tim McGraw",71,0.514,0.918,-4.306,0.0365,0.0409,0,0.64,150.033,3.76955,4,0,0,0,0,1,2010s
6Ymvlzom4TQeoKqAWsZRD8,Up All Night,Somethin' 'Bout A Truck,Kip Moore,71,0.554,0.794,-5.417,0.035,0.0697,0,0.79,176.01,3.563783333,4,0,0,0,0,1,2010s
6wycnu8FWXsj68ig7BEot9,Ripcord,Blue Ain't Your Color,Keith Urban,71,0.69,0.416,-7.865,0.0335,0.617,1.37E-06,0.479,82.45,3.843333333,3,0,0,0,0,1,2010s
67citk3uzWs5qbaIVKTeg8,Storyteller,Church Bells,Carrie Underwood,68,0.575,0.844,-1.772,0.0633,0.226,0,0.542,87.007,3.222216667,4,0,0,0,0,1,2010s
11qh54D0PKkBwelpDxxiEU,Pain Killer,Girl Crush,Little Big Town,71,0.5,0.225,-10.22,0.0302,0.842,0,0.355,173.788,3.222,3,0,0,0,0,1,2010s
26t3KexbqzF3sRWgczYyja,How Country Feels,How Country Feels,Randy Houser,71,0.678,0.839,-3.617,0.0394,0.0379,0,0.772,104.952,3.09845,4,0,0,0,0,1,2010s
4Pn0JlCUusD2QHjADuOzuV,Damn Country Music,Humble And Kind,Tim McGraw,71,0.355,0.48,-7.31,0.0282,0.679,2.28E-06,0.137,100.956,4.321116667,3,0,0,0,0,1,2010s
6E9V9TRlVOLjenGjHemzEH,Hard 2 Love,Hard To Love,Lee Brice,71,0.638,0.722,-6.177,0.0332,0.0119,0.00808,0.469,103.017,3.738216667,4,0,0,0,0,1,2010s
7mS200vKsSSVgrbMxWza54,Current Mood,Small Town Boy,Dustin Lynch,70,0.555,0.744,-6.016,0.0287,0.0251,0,0.673,73.012,3.428883333,4,0,0,0,0,1,2010s
3izNaTiYdotdPL0Bs76JqO,Dylan Scott (Deluxe Edition),My Girl,Dylan Scott,70,0.652,0.719,-7.251,0.033,0.0353,0,0.24,94.969,3.294,4,0,0,0,0,1,2010s
1dyxS3YzBbL0t8rEVwVQ1K,God's Country,God's Country,Blake Shelton,70,0.538,0.752,-5.106,0.0396,0.0608,5.39E-06,0.217,139.984,3.41845,4,0,0,0,0,1,2010s
4CLPNURPcKztF9RRdcWLGP,Same Trailer Different Park,Follow Your Arrow,Kacey Musgraves,66,0.448,0.649,-5.925,0.0434,0.418,0,0.575,195.925,3.327333333,4,0,0,0,0,1,2010s
0dBW6ZsW8skfvoRfgeerBF,Speak Now,Mine,Taylor Swift,61,0.624,0.757,-2.94,0.0296,0.00265,1.87E-06,0.658,121.07,3.845116667,4,0,0,0,0,1,2010s
0Nu9WA8kEbBWEsay2s8Q0U,Life At Best,Even If It Breaks Your Heart,Eli Young Band,70,0.495,0.527,-4.742,0.0351,0.000159,0.0163,0.574,208.067,3.675333333,4,0,0,0,0,1,2010s
4w95iGC6NrxZJ5o3D7bWyV,Lambs & Lions,Eyes On You,Chase Rice,70,0.34,0.652,-6.982,0.0427,0.323,0,0.464,88.783,3.04155,4,0,0,0,0,1,2010s
69DR48pXzSabFUfQfDDJDb,It Goes Like This,Make Me Wanna,Thomas Rhett,70,0.545,0.818,-6.38,0.0541,0.0369,0,0.679,109.019,3.751116667,3,0,0,0,0,1,2010s
1YhFtqwcN138S6ng3MT1nN,Doin' My Thing,Rain Is A Good Thing,Luke Bryan,70,0.622,0.932,-4.66,0.0498,0.105,2.37E-06,0.519,108.051,2.936,4,0,0,0,0,1,2010s
4u26EevCNXMhlvE1xFBJwX,The Band Perry,If I Die Young,The Band Perry,69,0.606,0.497,-6.611,0.0277,0.348,0,0.362,130.739,3.712883333,4,0,0,0,0,1,2010s
7Lmwj2fe8MpGXypOuLGO2C,Clancy's Tavern,Made in America,Toby Keith,69,0.497,0.701,-5.996,0.0306,0.0507,0,0.376,172.126,3.218883333,4,0,0,0,0,1,2010s
7aftSOGSOpSoIlVAQVBb71,Montevallo,Break Up In A Small Town,Sam Hunt,69,0.579,0.776,-5.365,0.173,0.0749,0,0.434,136.044,3.831333333,4,0,0,0,0,1,2010s
5aj0xPGiEUN3aI2oOYu14S,I Don't Dance (Deluxe Edition),I Don't Dance,Lee Brice,69,0.587,0.559,-7.742,0.0321,0.399,6.69E-06,0.19,92.036,3.686216667,4,0,0,0,0,1,2010s
4wFUdSCer8bdQsrp1M90sa,Two Lanes Of Freedom,Highway Don't Care,"Tim McGraw, Taylor Swift, Keith Urban",69,0.47,0.79,-5.352,0.039,0.0216,0,0.495,158.061,4.614666667,4,0,0,0,0,0,2010s
4vlJejZrcujj0nSCqIBeWn,How Country Feels,Runnin' Outta Moonlight,Randy Houser,68,0.526,0.801,-3.717,0.0393,0.0354,3.17E-06,0.769,172.024,3.22955,4,0,0,0,0,0,2010s
0OWZFobGSIW9GrSlQ9C5pc,Life Changes,Marry Me,Thomas Rhett,69,0.333,0.412,-8.633,0.029,0.0977,0,0.474,85.028,3.424216667,4,0,0,0,0,0,2010s
1ESipSqVefdknPg5IBKFND,Carolina,Smoke A Little Smoke,Eric Church,68,0.77,0.641,-6.077,0.035,0.0206,0.00023,0.639,96.98,3.188883333,4,0,0,0,0,0,2010s
0p1BcEcYVO3uk4KDf3gzkY,Hunter Hayes (Encore),Wanted,Hunter Hayes,68,0.421,0.476,-7.692,0.0298,0.268,0,0.3,169.784,3.814,4,0,0,0,0,0,2010s
0iA1unTbTbDOWUSlbwJ1pS,Summer Forever,It Don't Hurt Like It Used To,Billy Currington,68,0.558,0.818,-4.07,0.0403,0.071,0,0.453,81.034,3.075116667,4,0,0,0,0,0,2010s
33471tzU1VghDg9zNgGRpz,Happy Endings,Hotel Key,Old Dominion,68,0.758,0.867,-5.087,0.0475,0.152,0,0.964,102.018,2.776216667,4,0,0,0,0,0,2010s
32FcjEWPn4aSRqJ6loL01b,"Old Boots, New Dirt",Burnin' It Down,Jason Aldean,68,0.682,0.795,-6.652,0.0489,0.305,9.41E-06,0.64,135.941,3.652666667,4,0,0,0,0,0,2010s
65UCejW01DAovmluVYHWAt,You Get What You Give,As She's Walking Away (feat. Alan Jackson),"Zac Brown Band, Alan Jackson",67,0.553,0.619,-7.101,0.0308,0.479,0,0.376,183.908,3.73045,4,0,0,0,0,0,2010s
0H04yVa3DJxoXbLBpAb7iV,I'm Comin' Over,I'm Comin' Over,Chris Young,68,0.575,0.845,-3.838,0.035,0.0282,0,0.376,127.997,3.288,4,0,0,0,0,0,2010s
2oyJMZrw1DGvvkT2NbCZ0Y,Thompson Square,Are You Gonna Kiss Me Or Not,Thompson Square,67,0.485,0.701,-3.807,0.0288,0.039,0,0.613,151.948,3.082,4,0,0,0,0,0,2010s
1Fo2N5iXRi37maMboaig7O,Play On,Undo It,Carrie Underwood,61,0.476,0.84,-2.259,0.058,0.11,0,0.648,156.254,2.954216667,4,0,0,0,0,0,2010s
7B6m8tHAYZsOKOKMU5SR2n,Take A Back Road,Take A Back Road,Rodney Atkins,67,0.581,0.856,-4,0.0783,0.183,0,0.918,169.902,3.49045,4,0,0,0,0,0,2010s